id	zi	gloss	QZ	ZZ	DT	JY	CY	LZ	PSM		
1	豐		hɔŋ¹	hɔŋ¹	hoŋ¹	hoŋ¹	hoŋ¹	hɔŋ¹	*hoŋ¹		
2	腔		kʰiĩ¹	kʰiʂ¹	kʰiŋ0	kʰiõ¹	kʰi¹	kʰiaŋ0	ɤkʰio¹		
3	陪		pue²	pue²	pue²	pue²	pʰue²	pʰui²	pue²		
4	數		siau⁵	siau⁵	su⁵	siau⁵	siau⁵	siau⁵	*siau⁵		
5	簿		pʰɔ⁴	pʰɔ⁵	pʰu⁴	pou⁴	pʰou⁴	pʰeu⁴	ʷpʰou⁴		
6	賴		lua⁵	lua⁶	lua¹	lua⁶	lua⁶	nua¹	*lua⁶		
7	橫		huiĩ²	huã²	huã²	huɐ̃²	huɐ̃²	huɛ²	*huẽ²		
8	燃		hiã²	hiã²	ɐᴇᴇ³	hiã²	ɐᴇɐ⁻	hia²	*hiã²		
9	事		tai⁵	tai⁶	tɛ¹	sɯ⁶	su⁶	su⁷	*tai⁶~*sɿ⁶		
10	後		au⁴	au⁶	ɔ⁴	au⁴	au⁴	au⁴	ɤ*au⁴		
11	歲		hə⁵	hue⁵	hue⁵	hue⁵	hue⁵	huɛ⁵	*huø⁵		
12	絕		tsəʔ⁸⁴	tseʔ⁸	tsuaʔ⁸	tso⁴ʔ⁸	tsoʔ⁸	tsiek⁸	*tsøʔ⁵		
13	巷		haŋ⁵	haŋ0	haŋ⁵	haŋ⁴	haŋ⁶	hɔ⁴	*haŋ⁶		
14	又		iu⁵	iu⁶	iu¹	iu⁴	iuĩ⁴	iu¹	*iu⁶		
15	莧		huiĩ⁵	hian⁶	hiŋ⁵	hãi⁶	hõii⁶	hai¹	*hõi⁶		
16	祠		sɯ²	su²	sɤ²	sɯ²	su²	tsʰu²	*sɿ²		
17	應		in⁵	in⁵	eŋ⁵	eŋ⁵	eŋ⁵	iŋ⁵	*en⁵		
18	答		taʔ⁷	taʔ⁷	ta⁵	tap⁷	tap⁷	tap⁷	*taʔ⁷⁻*tap⁷		
19	蟻		hia⁴	hia⁶	hia⁴	hia⁴	hia⁴	hia⁴	*hia⁴		
20	掠		liaʔ⁸	liaʔ⁵	lia⁴	liaʔ⁸	liaʔ⁸	lia⁴	*liaʔ⁸		
21	遘		kau⁵	kau⁵	kɔ	kau⁵	kau⁵	kau⁵	*kau⁵		
22	艾		hiã⁵	hiã⁶	hiã⁵	hiã⁶	hiã⁶	ŋai⁴	ɤ*ŋhiã⁶		
23	問		bɪŋ⁵	bui⁶	mŋ⁵	muŋ⁶	mɯŋ⁶	mui¹	ɤ*muiĩ⁶		
24	秋		tsʰiu¹	tsʰiu¹	tsʰiu¹	tsʰiu¹	tsʰiu¹	tsʰiu¹	*tsʰiu¹		
25	免		bian³	bian³	biaŋ³	mmiaŋ0	miaŋ0	mieŋ³	*mian³		
26	斧		pɔ³	pʰu³	pu³	pou³	pou³	pɛu³	ɤ*pou³		
27	竹		tiak⁷	tik⁷	toʔ⁷	tek⁷	tek⁷	tip⁷	*tɯk⁷		
28	筍		sun²	sun³	sueŋ⁹	suŋ	suŋ²	suŋ²	*sun³		
29	吠		pui⁵	pui⁶	pui¹	pui⁶	pui⁶	pui¹	*pui⁶		
30	麥		beʔ⁸	bɛʔ⁸⁵	ba⁴	beʔ⁴	beʔ⁸	bɛ⁴	*beʔ⁴		
31	箕		ki¹	ki¹	ki¹	ki¹	ki¹	ki¹	ɤki¹		
32	浴		iak⁸	ik⁸	zioʔ⁸	ek⁸	ek⁸	iak⁸	ɤ*ɯk⁸		
33	是		si⁴	si⁶	si⁴	si⁴	si⁴	si⁴	*si⁴		
34	楝		nuiĩ⁵	liŋ⁶	liaŋ⁵	nai⁴	noi⁶	lieŋ⁷	*nõi⁶		
35	喙		tsʰui⁵	tsʰui⁵	⁻⁻⁻⁻	tsʰui⁵	tsʰui⁵	tsʰui⁵	*tsʰui⁵		
36	豆		tau⁵	tau⁶	tɔ¹	tau⁶	tau⁶	tau¹	*tau⁶		
37	熊		him²	him²	heŋ²	him²	him²	hiɔŋ⁴	*him²		
38	鬚		tsʰiu¹	tsʰiu¹	tsʰiu¹	tsʰiu¹	tsʰiu¹	tsʰiu¹	*tsʰiu¹		
39	眠床		tsʰŋ²	bin⁴ tsʰŋ²	beŋ0 tsʰɯuɪŋ²	meŋ² tsʰɯŋ²	muɪŋ² tsʰõ²	kɔi⁷tsʰɔ²	ʷmin²		
40	蜂		pʰaŋ¹	pʰaŋ¹	pʰaŋ	pʰaŋ¹0	pʰaŋ⁷	pʰaŋ	⁴pʰaŋ		
41	乞		kʰit⁷	kʰit⁷	kʰeʔ⁷	kʰek⁷	kʰik⁷	kʰiek⁷	⁴kʰit⁷		
42	初		tsʰue¹	tsʰe¹	tsʰi¹	tsʰiu¹	tsʰiu¹	tsʰɔi¹	tsʰioi¹		
43	肚		tɔ³	tɔ³	tu²	tou³	tou³	tɛu³	ɤtou³		
44	屬		siɔk⁸	siɔk⁸	soʔ⁸	sok⁸	sok⁸	sɔk⁸	*siok⁸		
45	帶		tua⁵	tua⁵	tua⁵	tua⁵	tua⁵	⁻⁻⁻	*tua⁵		
46	拗		au³	au³	a³	a³	a³	a³	*a³⁻⁻au³		
47	賜		sɯ⁵	su⁵	sɤ⁵	sɯ⁵	su⁵	su⁵	*sɿ⁵		
48	大		tua⁵	tua⁶	tua¹	tua⁶	tua⁶	tua¹	*tua⁶		
49	鳥		tsiau³	tsiau³	⁻⁻⁻⁻	tsiau³	tsiau³	tsiau³	*tsiau³		
50	咬		ka⁴	ka⁶	ka³	ka⁴	ka⁴	ka⁴	*ka⁴		
51	苦		kʰɔ³	kʰɔ³	kʰu³	kʰou³	kʰou¹	kʰɛu³	*kʰou³		
52	烏		ɔ¹	ɔ¹	u¹	ou¹	ou¹	ɛu¹	*ou¹		
53	□		saʔ⁸	saʔ⁸	sa⁴	saʔ⁸	saʔ⁷	sa⁴	*saʔ⁸		
54	被		pʰə⁴	pʰue⁶	pʰue⁴	pʰue⁴	pʰue⁴	pʰuɛ⁴	ʷpʰuø⁴		
55	盲		bĩ²	bɐ̃²	mã²	me²	me²	meɛ²	ɤ*mẽ²		
56	□		nĩʔ⁷	lĩʔ⁷	⁻⁻⁻	niʔ⁷	niʔ⁷	ni⁷	ɤ*niʔ⁷		
57	閘		tsaʔ⁸⁴	tsaʔ⁸⁵	⁻⁻⁻⁻	tsaʔ⁸	⁻⁻⁻⁻	⁻⁻⁻⁻	*tsaʔ⁸		
58	血		huiʔ⁷	hueʔ⁷	hue⁵	hueʔ⁷	hueʔ⁷	huɛ⁷	*hueʔ⁷		
59	吹		tsʰə¹	tsʰue¹	tsʰue¹	tsʰue¹	tsʰue¹	tsʰui¹	tsʰuø¹		
60	□		pu0	pun⁹	pueŋ⁷	puŋ0	puŋ̃0	puŋ̃	ʷpun²		
61	鈍		tun⁶	tun¹	tueŋ¹	tuŋ¹	tuŋ¹	tuŋ¹	ɤ*tun¹		
62	身		sin¹	sin¹	seŋ¹	seŋ⁴	siŋ¹	sieŋ¹	*sin¹		
63	骨		kut⁷	kut⁷	koʔ¹	kuk⁷	kuk⁷	kuk⁷	ɤkut⁷		
64	冊		tsʰeʔ⁷	tsʰeʔ⁷	tsʰa⁵	tsʰeʔ⁷	tsʰeʔ⁷	tsʰe⁷	*tsʰeʔ⁷		
65	矸		kan¹	kan¹	⁻⁻⁻⁻	⁻⁻⁻⁻	⁻⁻⁻⁻	⁻⁻⁻⁻	*kan¹(?)		
66	樽		ɕɦȵ	ʂɕɤɤ³	ʂᴈɐᴇ	tsuŋ¹	tsuŋ¹	tsuŋ¹	ɤtsun¹()		
67	底		tue³	te³	te³	tõi³	toi³	tɔi³	*toi³		
68	弓		kiŋ¹	kiŋ0	koŋ¹	keŋ¹	keŋ¹	kiaŋ¹	ɤ*kɯŋ¹		
69	碗		uã	uã	ɐᴇᴇɐ	uã³	uã³	ua³	*uã³		
70	箱		siu¹	siɔ̃¹	siŋ¹	siõ¹	siõ¹	siɔ¹	*siõ¹		
71	枝		ki¹	ki¹	ki¹	ki¹	ki¹	⁻⁻⁻	*ki¹		
72	勇		iɔŋ³	iɔŋ³	ioŋ³	ioŋ³	ioŋ³	ziɔŋ³	*ioŋ³		
73	光		kŋ¹	kui¹	kŋ¹	kɯŋ¹	kɯŋ¹	kui¹	*kuĩ¹		
74	刷		səʔ⁷	sua³	suaʔ⁷	sueʔ⁷	sueʔ⁷	suak⁷	*suø⁴ʔ⁷		
75	佛		put⁸	put⁸	hoʔ⁸	huk⁸	huk⁸	puk⁸	ɤ*put⁵⁻⁴ *hut⁵		
76	髻		kə⁵	ke⁵	kue⁵	kue⁵	kue⁵	xᴇɤ⁻	ɬ*kuø⁵		
77	□		tai²	tai²	tɛ²	tai²	⁻⁻⁻⁻	tai²	*tai²		
78	尻川		kʰa¹ tsʰŋ¹	kʰa¹ tsʰui¹	kʰa¹ tsʰuŋ¹	ka¹ tsʰɯŋ¹	kʰa¹  tsʰɯŋ¹	ka¹ tsʰui¹	ʷkʰa¹ tsʰuɪ̃¹		
79	鈕		liu³	liu³	liu²	niu³	niu³	niu³	*niu³		
80	買		bue³	be³	be³	boi³	boi³	bɔi³	*boi		
81	餅		piã³	piã³	piã³	piã³	piã³	pia³	*piã³		
82	叫		kio⁵	kio⁵	⁻⁻⁻	kio⁵	kio⁵	⁻⁻⁻	*kio⁵		
83	解		e⁴	gɐ	e⁴	oi⁴	oi⁴	ɐᴇᴇᴇ	ɤoi⁴		
84	燭		tsiak⁷	tsik⁷	tsoʔ⁷	tsek⁷	tsek⁷	tsiak⁷	*tsɯk⁷		
85	𣍐		bue⁴	be⁶	be⁴	boi⁴	boi⁴	⁻⁻⁻⁻	*boi⁴		
86	□		ɡau²	ɡau²	gɔ²	ɡau²	ɡau²	ii	*gau²		
87	鯉		tai⁴	tai⁶	tɛ⁴	li³	li³	li	*tai⁴⁻ʻli³		
88	車		tsʰia¹	tsʰia¹	tsʰa¹	tsʰia¹	tsʰia¹	tsʰia¹	*tsʰia¹		
89	□		kuã⁴	kuã⁶	⁻⁻⁻⁻	kuã⁴	kuã⁴	⁻⁻⁻⁻	*kuã⁴		
90	捧		ɐʰɔŋ0	pʰɔŋ	pʰoŋ0	pʰoŋ	⁻⁻̃	pʰɔŋ0	*pʰoŋ		
91	貓		niãu² ba²	liãu¹-ʷba²	mã¹	ŋiau¹	ŋiau¹	ba²	ɤma²*niau¹*ŋiau¹		
92	□		hui²	hui²	hui	hui²	hui²	⁻⁻⁻	*hui²		
93	鏈		lian⁵	lian⁶	liaŋ¹	liaŋ⁶	liaŋ⁶	lieŋ⁴	*lian⁶		
94	椅		i³	i³	i³	j³	j³	i³	ɤj³ɤʮ³		
95	變		pi⁵	pi⁵	piŋ⁵	pi⁵	pi⁵	pi⁵	*pi⁵		
96	字		li⁵	dzi⁶	tsi¹	zi⁶	zi⁶	æ̃̃̃̃	*di⁶		
97	惜		sioʔ⁷	sioʔ⁷	siɤ⁵	sioʔ⁷	sioʔ⁷	⁻⁻⁻	*sioʔ⁷		
98	栗		lat⁸	lat⁸	leʔ⁸	lak⁸	lak⁸	lik⁷	*lat⁶		
99	雞		kue¹	ke¹	ki¹	koi¹	koi¹	kɔi¹	ɤ*koi¹		
100	揀		kuĩ³	kan³	kiŋ³	⁻⁻⁻	kãĩ²	kai³	ɤkõi³		
101	箸		tɯ⁵	ti⁶	tui¹	tɯ⁶	tu⁶	tu¹	*tɯ⁶		
102	環		kʰuan²	kʰuan²	kʰuaŋ²	huaŋ²	huaŋ²	huaŋ²	⁴kʰuan²⁴~*huan²		
103	城		siã²	siã²	sã²	siã²	siã²	sia²	*siã²		
104	族		tsɔk⁸	tsɔk⁸	tsoʔ⁸	tsok⁸	tsok⁸	tsɔk⁸	*tsok⁸		
105	爪		liau³	dziau³	liɔ³	ziau³	ziau³	niau³	*diau³		
106	清氣		tsʰiŋ¹kʰi⁵	tsʰiŋ¹kʰi⁵	tsʰeŋ¹kʰi⁵	tsʰeŋ¹kʰiʔ⁷	tsʰeŋ¹kʰiʔ⁷	⁵⁻⁻⁻⁻	*tsʰiŋ¹kʰi⁵		
107	清		tsʰiŋ¹	tsʰiŋ¹	tsʰeŋ¹	tsʰeŋ¹	tsiŋ¹	tsieŋ¹	*tsʰiŋ¹(ʔ)		
108	領		niã³	liã³	niã³	nia³	nia³	⁻⁻⁻	*niã³		
109	把		p⁶³	----	pa³	pe³	pɐ̆³	pɛ²	*pe³		
110	支		ki¹	ki¹	ki¹	ki¹	ki¹	ki¹	ɤki¹		
111	隻		tsiaʔ⁷	tsiaʔ⁷	⁻⁻⁻⁻	tsiaʔ⁷	tsiaʔ⁷	⁻⁻⁻̃	*tsiaʔ⁷		
112	頭				tʰɔ²			tʰau²	*tʰau²		
113	粒		liap⁸	liap⁸	⁻⁻⁻⁻	liap⁸	liap⁸	liap⁸	*liap⁸		
114	尾		bə³	bue³	bue³	bue³	ɐɐɐɐ	mȵɐɐ	*buø³		
115	間		kuiĩ¹	kan¹	kiŋ¹	kãi¹	kãi¹	kai¹	*kõi¹		
116	座		tso⁴	tso⁶	mɐɐx	tso⁶	tso⁶	tsɛ¹	ɤtso⁵		
117	張		tii¹	tiə̃	tiŋ⁷	tiõ	tio	tiɔ⁴	ɤtiõ		
118	叢		tsaŋ²	tsaŋ²	⁻⁻⁻⁻	tsaŋ²	tsaŋ²	tsaŋ²	*tsaŋ²		
119	□	climb	pe⁴ʔ⁷	pɛʔ¹	⁻⁻⁻⁻	pe⁴ʔ⁷	peʔ⁷	⁻⁻⁻	*peʔ⁷		
120	屐		kiaʔ⁸ kʰiaʔ⁸	ʷkʰiaʔ⁸	kiaʔ⁵	kʰia⁴	kiaʔ⁵	kiaʔ⁸	kia⁴ ɤkiaʔ⁵⁴		
121	布		pɔ⁵	pɔ⁵	pu⁵	pou⁵	pou⁵	pɛɯ⁵	ɤ*pou⁵		
122	雲		hun²	hun²	hueŋ²	huŋ²	huŋ²	huŋ²	*hun²		
123	粗		tsʰɔ0	tsʰɔ¹	tsʰu¹	tsʰou¹	tsʰou¹	tsʰɛu¹	tsʰou¹		
124	□	roach	tsuaʔ⁸	tsuaʔ⁵	tsua⁴	tsuaʔ⁵	tsuaʔ⁸	tsua⁴	*tsuaʔ⁸		
125	收		siu¹	siu¹	su¹	siu¹	siu¹	siu¹	*siu¹		
126	色		siak⁷	sik⁷	saʔ⁷	sek⁷	sek⁷	sek⁷-⁻sik⁷	*sik⁷		
127	梳		sue¹	se¹	sɔ¹	siu¹	siu¹	sɔi¹	*sioi¹		
128	來		lai²	lai²	lɛ²	lai²	lai²	lai²	*lai²		
129	爽		sɔŋŋ²	sɔŋ⁹	suaŋ⁹	suaŋ⁹	suaŋ0	suaŋ³	*suoŋ³		
130	怨		uan⁵	uan⁵	⁻⁻⁻⁻	uaŋ⁵	uaŋ⁵	uaŋ⁵	*uan⁵		
131	□	concave (1)	nãʔ⁷	li	kai	ɤʰᴇ⁴	naʔ⁷	ɕᴇ⁴	ɤ*naʔ⁷		
132	塌	concave (2)	⁻⁻⁻	0	tʰaʔ⁷	tʰap⁷	tʰap⁷	tʰap⁷	⁴tʰap⁷		
133	囥		kʰŋ⁵	kʰŋ̃	kʰɪ⁵	kʰɯŋ⁵	kʰɯŋ⁹	kɔ⁵	ɤkʰɕ̃⁵		
134	亂		luan⁵	luan⁶	luaŋ¹	luaŋ⁴	luaŋ⁴	luaŋ⁷	luan⁶ ɤ*nuii⁶	⁴	
135	續		siɔk⁸	siɔk⁸	soʔ⁸	sok⁸	sok⁸	sɔk⁸	ɤsʂiok⁸		
136	吐		ɐɔ³	tʰɔ	⁻⁻⁻	tʰou³	tʰou³	⁻⁻⁻	*tʰou³		
137	煮		tsɯ⁸	tsi³	tsi³	tsɯ³	tsu³	tsu³	*tsɯ³		
138	熟		siak⁸	sik⁸	⁻⁻⁻	sek⁸	sek⁸	siak⁸	ɤ*sɯk⁸		
139	飯		pŋ⁵	pui⁶	pŋ⁴	puŋ⁵	puɪŋ⁰	pui¹	ɤpui⁶		
140	銅		taŋ²	taŋ⁴	taŋ²	taŋ²	taŋ²	taŋ²	*taŋ²		
141	屍		si¹	si¹	si¹	si¹	si¹	si¹	*si¹		
142	正		tsiã⁵	tsiã̃	tsã⁵	tsiã⁵	tsiã⁵	tsia⁵	*tsiã⁵		
143	改		kue³	ke³	kɛ³	koi³	koi³	kɔi³	*koi		
144	棉		mii²	b̃̃²	miŋ²	mi²	mi²	mi²	*mii²		
145	國		kɔk⁷	kɔk⁷	koʔ⁷	kok⁷	kok⁷	kuek⁷	*kok⁷		
146	縣		kui⁵	kuãi⁶	kuŋ¹	kui⁶	kuãi⁶	kuai¹	ɤ*kuõi⁶		
147	□	cover (v.)	kʰam⁵	kʰam⁵	kaŋ⁹	kʰãi⁵	kʰãi⁵	pȵɐᴇ⁵	ɤkʰam⁵⁻ʻkʰõi⁵		
148	罩		tau⁵	ta⁵	tɔ⁵	tsau⁴	tsau⁴	tsau⁴	*ta⁵⁻⁻*tau⁵⁻ʷ *tsau⁴		
149	牛		ɡu²	gu²	gu²	gu²	gu²	ŋu²	ɤɪɯ²		
150	蟹		hue⁴	he⁶	he⁴	hoi⁴	hoi⁴	hoi⁴	*hoi⁴		
151	縫		pʰaŋ0	pʰaŋ⁵	pʰaŋ0	pʰaŋ⁹	pʰaŋ⁵	pʰaŋ¹	*pʰaŋ⁶		
152	必		pit⁷	pit⁷	peʔ⁷	pek⁷	pik⁷	⁻⁻⁻	pit⁷	*	
153	匠		tsʰit̃⁵	tsʰiə⁵	tsʰiŋ0	tsiaŋ⁴	tsʰi⁵	tsʰiɔ0	*tsʰiõ⁶		
154	爬		pe²	pɛ²	pa²	pe²	pe²	pɛ²	*pe²		
155	酥		sɔ¹	sɔ¹	⁻⁻⁻⁻	sou¹	sou¹	⁻⁻⁻	*sou¹		
156	渡		tɔ⁵	tɔ⁶	tu¹	tou⁶	tou⁶	tɛu¹	*tou⁶		
157	鯽		tsit⁸	tsit⁸	tsiaʔ⁷	tsek⁷	tsik⁷	tsiek⁷	*tsit⁷(ʔ)		
158	□	cry	kʰau⁵	kʰau⁵	⁻⁻⁻⁻	kʰau⁵	kʰau⁵	kʰau⁵	*kʰau⁵		
159	杯		pue¹	pue¹	pue¹	pue¹	pue¹	puɛ¹	*pue¹		
160	櫥		tu²	tu²	tu²	tu²	tu²	⁻n⁻	ɤtu²		
161	鉸		ka¹	ka¹	⁻⁻⁻⁻	ka¹	ka¹	ka¹	*ka¹		
162	剃		tʰiʔ⁷	tʰi⁵	ɐɐ̃	tʰi⁵	ɐɐ̃	tʰi⁵	ɤt⁴ᴇ̃		
163	割		kuaʔ⁷	kuaʔ⁷	kua⁵	kuaʔ⁷	kuaʔ⁷	kua⁷	*kuaʔ⁷		
164	劈		pʰiak⁷	pʰik⁷	pʰiaʔ⁷	pʰek⁷	pʰek⁷	pʰik⁷	ʷpʰik⁷		
165	□	damp (1)	tam²	tam²	taŋ²	tam²	tam²	tam²	*tam²		
166	濕	damp (2)	sip⁷	sip⁷	seʔ⁷	sip⁷	sip⁷	sip⁷	*sip⁷		
167	敢		kã³	kã³	kã	kã³	kã³	ka³	ɤkã		
168	暗		am⁵	am⁵	aɪŋ	am⁵	am⁵	am⁵	*am⁵		
169	□	dash water (on person)	tsaŋ⁴	tsaŋ⁴	⁻⁻⁻⁻	tsaŋ²	tsaŋ²	⁻⁻⁻⁻	*tsaŋ²		
170	日		lit⁸	dzit⁸	leʔ⁸	zek⁸	zik⁸	ziek⁸	*dit⁸		
171	聾		laŋ²	laŋ⁴	laŋ²	laŋ²	laŋ²	laŋ²	*laŋ²		
172	深		tsʰim¹	tsʰim¹	tsʰeŋ¹	tsʰim¹	tsʰim¹	tsʰim¹	⁴tsʰim¹		
173	鹿		lɔk⁸	lɔk⁷	loʔ⁸	lek⁸	tek⁸	tiak⁸	*lok⁸⁻⁴ lɯk⁸ *ttɯk⁵		
174	茸		liɔŋ²	dziɔŋ²	zioŋ²	zioŋ²	zioŋ²	ziɔŋ²	*dioŋ²		
175	密		bat⁸	bat⁸	baʔ⁸	⁻⁻⁻	⁻⁻⁻	bak⁸	*bat⁸		
176	決		kuat⁷	kuat⁷	kiaʔ⁷	kuak⁷	kuak⁷	kʰiek⁷	⁴ʻkuat⁷		
177	露		lɔ⁵	lɔ⁶	lu⁵	lou⁶	lou⁶	lɛu¹	*lou⁶		
178	惡		oʔ⁷	oʔ⁷	ɣ⁵	oʔ⁷	oʔ⁷	ɤ	*xoʔ⁷		
179	勤		kʰun²	kʰin²	kʰeŋ²	kʰeŋ²	kʰiŋ0	kʰieŋ²	ʷkʰum²		
180	□□	dirty	lap⁷ sap⁷		laʔ⁷ saʔ⁷	naʔ⁷  sap⁷	naʔ⁷ sap⁷	lap⁸ tsai⁴	*nap⁷ sap⁷		
181	拆		tʰiaʔ⁷	tʰiaʔ⁷	tʰia⁵	tʰiaʔ⁷	tʰiaʔ⁷	tʰia⁷	*tʰiaʔ		
182	配		pʰɔ⁵	pʰue⁵	pʰue⁵	pʰue⁵	⁻⁻⁻⁻	pʰuɛ⁵	ɤpʰuø⁵		
183	嫌		hiam²	hiam²	⁻⁻⁻⁻	hiam²	hiam²	hiam²	*hiam²		
184	沕		bi⁵	bi⁶	bi¹	bi⁶	bi⁶	⁻⁻⁻	*bi⁶		
185	狗		kau³	kau³	⁻⁻⁻⁻	kau³	kau³	kau³	*kau³		
186	門		bŋ²	bui²	mŋ²	muŋ²	mɯŋ²	mui²	ɤ*muĩ²		
187	龍		liŋ²	liɔŋ²	loŋ²	leŋ²	leŋ²	liaŋ²	*lɯŋ²		
188	夢		baŋ⁵	baŋ⁰	baŋ⁵	maŋ⁶	maŋ⁶	maŋ⁴	*maŋ⁶		
189	臘		laʔ⁸	laʔ⁸	la⁴	laʔ⁸	laʔ⁸	la⁴	k̃ĩ̃		
190	鑽		tsɪŋ⁵	tsui⁵	tsuŋ⁵	tsɯŋ⁵	tsɯɪŋ⁵	tsui⁵	*tsuii⁵		
191	食		tsiaʔ⁸	tsiaʔ⁵	tsia⁴	tsiaʔ⁸	tsiaʔ⁸	tsia⁴	*tsiaʔ		
192	啉		lim¹	lim¹	ɤɐ⁴⁸	nim¹	nim⁶	ɤɐɐᴇ	ɤ*nim¹	(ʔ)	
193	□	dry	ta¹	ta¹	ta¹	ta¹	ta¹	⁻⁻⁻	*ta¹		
194	曝		pʰak⁸⁵	pʰak⁵	pʰaʔ³	pʰak⁵	pʰak⁵	pʰak⁸	*pʰak⁸		
195	鴨		aʔ⁷	aʔ⁷	a⁵	aʔ⁷	aʔ⁷	a⁷	*aʔ⁷		
196	薸		pʰio⁴	pʰio²	pʰiɤ²	pʰio⁴	pʰio²	pʰiɔ²	ɤpʰio²		
197	餡		ã⁵	ã⁶	haŋ¹	ã⁶	ã⁶	a¹	ɤʒ⁶		
198	染		nĩ³	li	niŋ³	ni³	ni³	ni³	*ɪiĩ³		
199	鷹		iŋ¹	iŋ¹	eŋ¹	eŋʃ	eŋ¹	iŋ¹	*iŋ¹		
200	耳		hi³	hi⁶	hiŋ⁴	hĩ⁴	hĩ⁴	hi⁴	*hi⁴⁻⁻xhi⁴		
201	早		tsa³	tsa³	tsa³	tsa³	tsa³	tsa³	*tsa³		
202	塗		ɐɔ²	tʰɔ⁴	tʰu²	tʰou²	tʰou²	tʰeu²	*tʰou²		
203	缸		kŋ⁴	kŋ⁵	kaŋ¹	kɯŋ¹	kɯŋ¹	kɔ⁴	ɤ*kõ¹		
204	□	easy	kue⁵	⁻⁻⁻⁻	⁻⁻⁻	koi⁶	koi⁶	⁻⁻⁻	*koi⁶		
205	食		tsiaʔ⁸	tsiaʔ⁸⁵	tsia⁴	tsiaʔ⁸	tsiaʔ⁵	tsia⁴	*tsiaʔ		
206	墘		kĩ	⁻⁻⁻⁻	kiŋ²	kĩ	kĩ	ki²	ɤki²		
207	鱔		tsʰuã⁴	siaŋ⁰	tsʰua⁴	siaŋ⁴	siaŋ⁴	tsʰua⁴	⁴ʻtsʰua⁴⁴ *sʂian⁴		
208	卵		nŋ⁴	luĩ⁶	nuŋ0	nɯŋ⁴	nɯŋ⁴	nui⁴	*nuiĩ⁴		
209	茄		kio²	kio²	kiɤ²	kio²	kio²	kiɔ²	*kio²		
210	八		pueʔ⁷	peʔ⁷	pe⁵	poiʔ⁷	poiʔ⁷	poɒi⁷	ɤpoiʔ⁷		
211	兄		hiã¹	hiã¹	hiã¹	hiã¹	hiã¹	hia¹	*hiã		
212	嫂		so³	so³	sɤ²	so³	so³	sɔ³	ɤso²		
213	胎		tʰə¹	tʰe¹	tʰɛ¹	tʰo¹	ɬɕ	tʰai¹	xtʰø¹		
214	空		kʰaŋ¹	kʰaŋ⁷	kʰaŋ	kʰaŋ	kʰaŋ	⁻⁻⁵	*kʰaŋ¹		
215	終		tsiɔŋ¹	tsiɔŋ¹	tsoŋ¹	tsoŋ¹	tsoŋ¹	tsɔŋ¹	*tsioŋ¹		
216	入		lip⁸	dzip⁸	leʔ⁸	zip⁸	zip³	zip⁸	*dip⁸		
217	估		kɔ³	kɔ³	⁻⁻⁻⁻	⁻⁻⁻	kou³	kɛu³	*kou³		
218	屎		sai³	sai³	sɛ³	sai³	sai³	sai³	*sai³		
219	貴		kui⁵	kui⁵	kui⁵	kui⁵	kui⁵	kui⁵	*kui⁵		
220	熄		sit⁷	sit⁷	seʔ⁷	sek⁷	sek⁷	sik⁷	*set⁷		
221	極		kiak⁸	kik⁷	keʔ⁸	kek⁸	kek⁸	kik⁸	*kik⁵		
222	目		bak⁶	bak⁸	baʔ⁸	mak⁸	mak⁸	mak⁸	*mak⁸		
223	眉		bai²	bai²	bɛ²	bai²	bai²	bai²	*bai²		
224	面		bin⁵	bin⁶	beŋ⁵	meŋ⁶	miŋ⁶	mieŋ¹	*min⁶		
225	跋		puaʔ⁵	puaʔ⁵	pua⁴	puaʔ⁵	puaʔ⁵	pua⁴	*puaʔ⁵		
226	□	fan (v.)	⁻⁻⁻	⁻⁻ᵐ	pʰua⁵	pʰuaʔ⁷	pʰuaʔ⁷¹	⁻⁻⁻	xpʰuaʔ⁷		
227	遠		hŋ³	hui⁶	huŋ⁴	hŋ⁴	hŋ⁴	hui⁴	*huiĩ⁴		
228	屁		pʰui⁵	pʰui⁵	pʰui⁵	pʰui⁵	pʰui⁵	pʰui⁵	*pʰui⁵		
229	緊		kin³	kin⁹	keŋ³	keŋ³	kiŋ³	kieŋ³	*kin³		
230	肥		pui²	pui²	pui²	pui²	pui²	pui²	*pui²		
231	伯		peʔ⁷	pɛʔ⁷	pa⁵	peʔ⁷	peʔ⁷	pɛ⁷	*peʔ⁷		
232	叔		tsiak⁷	tsik⁷	tsɤ⁴	tsek⁷	tsek⁷	tsip⁷	*tsɯk⁷		
233	飼		tsʰi⁵	tsʰi⁶	tsʰi¹	tsʰi⁶	tsʰi⁶	tsʰi¹	ɤ*tsʰi⁶		
234	眩		hin²	⁻⁻⁻	heŋ²	heŋ²	hiŋ²	hieŋ²	*hin²		
235	節		tsueʔ⁷	tseʔ⁷	tse⁵	tsoiʔ⁷	tsoiʔ⁷	tsɔi⁷	ɤtsoiʔ⁷		
236	少		tsio²	tsio⁸	tsɤ²	tsio²	tsio²	tsiɔ²	ɤtsio²		
237	層		tsʰan²	tsʰan²	tsʰaŋ²	tsʰaŋ²	tsʰaŋ²	tsʰaŋ²	*tsʰan²		
238	孝		ha⁵	ha⁵	ha⁵	ha⁵	ha⁵	ha⁵	*ha⁵		
239	坉		tʰun⁵	tʰun⁶	tʰueŋ0	tʰuŋ0	tʰuŋ	⁻⁻⁻	*tʰun⁶		
240	幼		iu⁵	iu⁵	iu⁵	iui⁵	iiui⁵	iu⁵	*iu⁵⁻⁻iti⁵		
241	指		tsui³	tsãi³	tsɛ³	tsãi³	tsãi³	tsai³	*tsãi³		
242	甲		kaʔ⁷	kaʔ⁷	ka⁵	kaʔ⁷	kaʔ⁷	ka⁷	ʷkaʔ⁷		
243	腡		lə²	le²	lue²	lo²	lo²	lɛ²	*lø²		
244	完		uan²	uan²	buaŋ²	uaŋ²	uaŋ²	zieŋ²	*uan²		
245	火		hə³	hue³	hue³	hue³	hue³	huɛ²	*huø³		
246	(第)一		it⁷	it⁷	eʔ⁷	ek⁷	ik⁷	iek⁷	⁴u³		
247	魚		hɯ²	hi²	hi²	hɯ²	huɯ²	huɯ²	*hɯ²		
248	拳		kun²	kun²	kueŋ²	kʰuŋ²	kʰuŋ⁴	kʰieŋ²	³ʻkun²		
249	五		gɔ⁴	gɔ⁶	gu⁴	ŋou⁴	ŋou⁴	ŋɛu⁴	*ŋou⁴		
250	苧		tue⁴	te⁶	tiɔ⁴	tiu⁴	tiu⁴	⁻⁻⁻	*tioi⁴		
251	蚤		tsau³	tsau³	tsɔ³	tsau³	tsau³	tsau³	*tsau³		
252	浮		pʰu²	pʰu²	pʰu²	pʰu²	pʰu²	pʰu²	ɤpʰu²		
253	花		hue¹	hua¹	hua¹	hue¹	hue¹	huɛ¹	*hue¹		
254	蠅		sin²	sin²	seŋ²	seŋŋ²	siŋ²	siŋ²	*sin²		
255	飛		pə¹	pue¹	pue¹	pue¹	pue	puɛ¹	ɤpuø¹		
256	□	foam	pʰəʔ⁸	pʰueʔ⁵	pʰɤ⁵	pʰueʔ⁸	pʰueʔ⁸	pʰuɛ⁴	⁴pʰuøʔ⁵		
257	綴		tə³	tue³	tue³	tue³	tue³	ȵᴇɤᴇ	*tuø³		
258	骹		kʰa¹	kʰa¹	kʰa¹	kʰa¹	kʰa¹	kʰa¹	ɤkʰa¹		
259	額		hiaʔ⁸	hiaʔ⁵	ia⁴	hiaʔ⁸	hiaʔ⁸	ŋia⁴	*ŋhiaʔ⁸		
260	林		nã²	lã²	nã²	na²	lim²	lim²	*nã²		
261	四		si⁵	si⁵	si⁵	si⁵	si⁵	si⁵	*si⁵		
262	芳		pʰaŋ¹	pʰaŋ¹	pʰaŋ¹	pʰaŋ¹	pʰaŋ⁷	pʰaŋ¹	ʷpʰaŋ		
263	鮮		tsʰi¹	tsʰi¹	siaŋ¹	tsʰi¹	tsʰi¹	tsʰi¹	*tsʰi¹		
264	友		iu³	iu³	iu³	iu³	iu³	ziu³	*iu³		
265	驚		kiã¹	kiã¹	kiã¹	kiã¹	kiã¹	kia¹	*kiã¹		
266	前		tsui²	tsiŋ²	tsiŋ²	tsãi²	tsãi²	tsai²	*tsõi²		
267	果		kə³	kue³	kɔ³	kue³	kuɐ̃³	kuɛ²	*kuø³		
268	炒		tsʰa³	tsʰa³	tsʰa³	tsʰa³	tsʰa³	tsʰa³	*tsʰa³		
269	鼎		tiã³	tiã³	tiã³	tiã³	tiã³	tia³	tiã³		
270	充		tsʰiɔŋ¹	tsʰiɔŋ¹	tsʰoŋ¹	tsʰoŋ¹	tsʰoŋ¹	tsʰɔŋ¹	⁴tsʰioŋ¹		
271	滇		fi⁴	fi⁶	tiŋ⁴	fi⁴	fi⁴	ti⁴	xti⁴		
272	飽		pa³	pa³	pa³	pa³	pa³	pa³	*pa³		
273	得		tit⁷	tit⁷	teʔ⁷	tek⁷	tik⁷	tiek⁷	ɤtit⁷		
274	鰓		tsʰi¹	tsʰi¹	tsʰi¹	tsʰi¹	tsʰi¹	tsʰi¹	ɤtsʰi¹		
275	薑		kiiĩ¹	kiə̃¹	keŋ¹	kiõ¹	kiõ¹	kiɔ¹	*kiõ¹		
276	參		səm¹	sɔm¹	saŋ¹	sim¹	sim¹	sim¹	*søm¹⁻*sim¹		
277	送		saŋ⁵	saŋ⁵	saŋ⁵	saɪŋ⁵	saɪŋ⁵	saɪŋ⁵	*saŋŋ⁵		
278	生		si¹	sɛ̃¹	sã¹	sẽ¹	sẽ¹	sɛ¹	ʑʂɐ⁴		
279	秫		tsut⁸	tsut⁸	tsoʔ⁸	tsuk⁸	tsuk⁸	tsuk⁸	*tsut⁶		
280	去		kʰɯ⁵	kʰi⁵	kʰi⁵	kʰɯ⁵	kʰuɯ⁵	kʰu⁵	*xkʰɯ⁵		
281	媒		m²	bun²-⁻bue²	bue²	bue²	bue²	buɛ²	ɤ*mhue²ɤ*mhuø²		
282	出		tsʰut⁷	tsʰut⁷	tsʰoʔ⁷	tsʰuk⁷	tsʰuk⁷	tsʰuk⁷	⁴tsʰut⁷		
283	金		kim¹	kim¹	keŋ¹	kim¹	kim¹	kim¹	*kim¹		
284	好		ho²	ho²	hɤ³	ho²	ho²	hɔ³	ɤ*ho²		
285	吉		kiat⁷	kiat⁷	kiaʔ⁷	kek⁷	kiak⁷	kiek⁷	⁴kiat⁷		
286	福		hɔk⁷	hɔk⁷	hoʔ⁷	hok⁷	hok⁷	hɔk⁷	ɤ*hok⁷		
287	鵝		ɡia²	go²	zia²	go²	go²	gɔ²	*xgia²⁻⁻xɡo²		
288	粟		tsʰiak⁷	tsʰik⁷	tsʰoʔ⁷	tsʰek⁷	tsʰek⁷	tsʰiak⁷	⁴tsʰɯk⁷		
289	孫		sun¹	sun¹	sueŋ¹	suŋ¹	suŋ¹	suŋ¹	ɤ*sun¹		
290	墓		bɔ⁵	bɔŋ⁶	bu⁵	mo⁴	mo⁴	mɛu¹	ɤ*mou⁶		
291	磨		bua²	bua²	bua²	bua²	bua²	bua²	*bua²		
292	研		ŋuĩ³	gan³	ziaŋ²	ŋiaŋ²	ŋiaŋ³	liɛŋ²	*ŋian² *ŋõi³		
293	約		ioʔ⁷	ioʔ⁷	ziɤ⁵	ioʔ⁷	ioʔ⁷	⁻⁻⁻	*ioʔ⁷		
294	客		kʰeʔ⁷	kʰɛʔ⁷	kʰa⁵	kʰeʔ⁷	kʰeʔ⁷	kʰe⁷	ɤkʰeʔ⁷		
295	罪		tsə⁴	tse⁶	tsue⁴	tsue⁴	tsue⁴	tsui⁴	*tsuø⁴		
296	毛		bŋ²	bə̃⁴	mŋ²	mo²	mo²	bɔ²	ɤmõ²		
297	簪		tʰue¹	tʰe¹	⁻⁻⁻⁻	tʰoi¹	tʰoi¹	tʰɔi¹	*tʰoi¹		
298	半		puã⁵	puã̃	puã̃	puɑ̃⁵	puã⁵	pua⁵	*	puã⁵	
299	籮		lua²	lua²	lua²	lua²	lua²	lɔ²	*lua²		
300	手		tsʰiu³	tsʰiu³	tsʰu³	tsʰiu³	tsʰiu³	tsʰiu³	⁴tsʰiu³		
301	吊		tiau⁵	tiau⁵	tiɔ⁵	tiau⁵	tiau⁵	tiau⁵	*tiau⁵		
302	歡喜		huã̃hi³	huã¹hi³	⁻⁻⁻⁻	huã¹hi³	huã¹hi³	hua¹hi³	*huã¹hi³		
303	澳		o⁵	o⁵	ɔ⁵	õ⁵	o⁵	au⁵	*uo⁵		
304	橂		tui⁵	tan⁶	tiŋ¹	tãi⁶	tãi⁶	tai¹	*tõii⁶		
305	急		kip⁷	kip⁷	keʔ⁷	kip⁷	kip⁷	kʰip⁷	*kip⁷		
306	帽		bo⁵	bo⁶	bɤ¹	bo⁶	bo⁶	mau⁴	*bo⁶		
307	孵		pu⁵	pu⁶	pu¹	pu⁶	pu⁶	pu¹	ɤpu⁶		
308	有		u⁴	u⁶	bua⁴	u⁴	u⁴	u⁴	xu⁴		
309	缺		kʰiʔ⁷	kʰiʔ⁷	kʰi⁵	kʰiʔ⁷	kʰiʔ⁷	kʰi⁷	*kʰiʔ⁷		
310	頭		tʰau²	tʰau²	tʰɔ²	tʰau²	tʰau²	tʰau²	*tʰau²		
311	醫		i¹	i¹	i¹	ui¹	ui¹	i¹	*i¹⁻	*ui¹	
312	心		sim¹	sim¹	seŋ¹	sim¹	sim¹	sim¹	*sim¹		
313	重		taŋ⁴	taŋ⁶	taŋ⁴	taŋ⁴	taŋ⁴	taŋ⁴	*taŋ⁴		
314	麻		muã²	buã²	muɯã̃²	mua²	mua²	mua²	*muã²		
315	鋤		tɯ²	ti²	tʰui²	tɯ⁶	t²	tʰu²	ʷtɯ²		
316	承		sin²	sin²	seŋ²	seŋ²	seŋ²	siŋ²	*sen²		
317	抱		pʰo⁴	pʰo⁶	pʰɤ⁴	pʰo⁴	pʰo⁴	pʰɔ⁴	ɤpʰo⁴		
318	含		kam²	kam²	kaŋ²	kam²	kam²	kam²	*kam²		
319	托		tʰuʔ⁷	tʰuʔ⁷	tʰoʔ⁷	tʰoʔ⁷	tʰoʔ⁷	tʰɔ⁷	xtʰuʔ⁷		
320	泛		pʰʉ̃⁵	pʰa⁵	pʰʉ̃⁵	pʰʔ̃	huam⁵	baŋ⁵	xpʰã⁵		
321	角		kak⁷	kak⁷	kaʔ⁷	kak⁷	kak⁷	kak⁷	*kak⁷		
322	馬		be³	bɛ³	ba³	be³	be³	bɛ³	*be³		
323	熱		luaʔ⁸	dzuaʔ⁵	ziaʔ⁸	zuaʔ⁸	zuaʔ⁸	zua⁴	*duaʔ⁵		
324	厝		tsʰu⁵	tsʰu⁵	tsʰu⁵	tsʰu⁵	tsʰu⁵	tsʰu⁵	ɤtsʰu⁵		
325	家		ke¹	kɛ¹	ka¹	ke¹	ke¹	kɛ¹	*ke¹		
326	[若夥]		lua⁴	lua⁶	lua⁴	mnɤᴇ	mɐ⁵ᴇ	ua⁴	*lua⁴		
327	若		⁻⁻⁻⁻	⁻̃	⁻̃⁻⁵	0	zioʔ̃	zioʔ	⁻⁻⁻	*zioʔ⁸	
328	幾		kui³	kui³	kui³²	kui³	kui³	kui³	*kui²		
329	百		peʔ⁷	pɛʔ⁷	pɤ⁵	peʔ⁷	peʔ⁷	pɛ⁷	*peʔ⁷		
330	億		iak⁷	ik⁷	i⁵	ek⁵	ek⁸	i⁷	*ik⁷		
331	枵		iau¹	iau¹	iɔ⁴	⁻⁻⁻⁻	⁻⁻⁻⁻	iau¹	*iau¹		
332	翁		aŋŋ	aŋŋ	----	aŋŋ	aŋ¹	----	*aŋ		
333	我		gua³	ɡua³	bua³	ua³	ua³	ba³	*gua³		
334	冰		piŋ	piŋ0	peŋ¹	piã	piã¹	peŋ¹	⁵piã¹		
335	藍		lam²	lam²	laŋ²	nam²	nam²	lam²	*lam²		
336	穢		ə⁵	⁻⁻⁻⁻	⁻⁻⁻⁻	ue⁵	ue⁵	uɛ⁵	*uø⁵		
337	墨		bak⁸	bak⁸	baʔ⁵	bak⁸	bak⁶	bak⁶	*bak⁸		
338	硯		hĩ⁵	hɪ̃⁶	niŋ¹	ŋi⁶	ŋĩ⁵	hi¹	ɤ*ŋhĩ⁵		
339	痟		siau³	⁻⁻⁻⁻	sɔ³	siau³	siau³	sau⁷	*ʂau³ siau³	-⁴	
340	蟲		tʰaŋ⁷	tʰaŋ⁷	tʰaŋ²	tʰaŋ⁷	tʰaŋ⁷	tʰaŋ0⁷	⁴*tʰaŋ²		
341	插		tsʰaʔ⁷	tsʰaʔ⁷	tsʰa⁵	tsʰaʔ⁷	tsʰaʔ⁷	tsʰa⁷	*tsʰaʔ⁷		
342	裡		lai⁴	lai⁶	li⁵	lai⁴	lai⁴	lai⁴	*lai⁴		
343	䭕		tsiã³	tsiã̃	tsiã³	tsiã³	tsiã³	tsia³	*tsiã³		
344	腸		tŋ²	tŋ²	tŋ²	tɯŋ²	tɯŋ²	tɔ²	xto²		
345	覆		pʰak⁷	pʰak⁷	⁻⁻⁻⁻	pʰak⁷	pʰak⁷	pʰak⁷	ʷpʰak⁷		
346	帖		tʰiap⁷	tʰiap⁷	tʰiaʔ⁷	tʰiap⁷	tʰiap⁷	tʰiap⁷	⁴tʰiap⁷		
347	請		tsʰiã¹	tsʰiã³	tsʰiã³	tsʰiã³	tsʰia³	tsʰia¹	*tsʰiã³		
348	祝		tsiɔk⁷	tsiɔk⁷	tsoʔ⁷	tsok⁷	tsok⁷	tsɔk⁷	*tsiok⁷		
349	鐵		tʰiʔ⁷	tʰiʔ⁷	tʰi⁵	tʰiʔ⁷	tʰiʔ⁷	tʰi⁷	ɤtʰiɐ		
350	癢		tsiuĩ⁴	tsi⁶	tsiŋ⁴	tsiõ⁴	tsiõ⁴	tsiɔ⁴	*tsiõ⁴		
351	玉		ɡiak⁸	giɔk⁸	ɡoʔ⁸	gek⁸	gek⁸	ziak⁸	ɤ*ɡgɯk⁶		
352	䖳		tʰe⁵	tʰɛ⁶	tʰe⁵	tʰe⁶	tʰe⁶	tʰɛ¹	*tʰe⁶		
353	□	jest at	ɡiat⁸	giat⁸	⁻⁻⁻⁻	⁻⁻⁻⁻	ŋiak⁸	⁻⁻⁻⁻	*ŋŋiat⁸		
354	合		hap⁸	hap⁸	haʔ⁸	hap⁸	hap⁸	hap⁸	*hap⁸		
355	樂		lɔk⁸	lɔk⁸	lɤ⁴	lak⁸	lak⁸	lɔk⁷	*luok⁸		
356	汁		tsap⁷	tsiap⁷	tsiaʔ⁷	tsap⁷	tsap⁷	tsiap⁷	*tsiap⁷⁻ *tsap⁷		
357	□	jump	tio²	tio²	⁻⁻⁻⁻	⁻⁻⁻⁻	⁻⁻⁻⁻	tiɔ²	ɤtio²		
358	守		tsiu²	tsiu⁹⁴	tsu³	siu³	siu³	tsiɔ²	*tsiu³		
359	默		hm⁴ʔ⁵	hm⁴ʔ⁵	baʔ⁸	mek⁸	mek⁸	mek⁸	*mhik⁵(?)		
360	踢		tʰat⁷	tʰat⁷	tʰiaʔ⁷	tʰak⁷	tʰak⁷	tʰak⁷	ɤʮʰʑᴇ³		
361	治		tʰai²	tʰai²	tʰɛ²	tʰai²	tʰai²	tʰai²	*tʰai²		
362	殺		suaʔ⁷	suaʔ⁷	saʔ⁷	suaʔ⁷	suaʔ⁷	sua⁷	*suaʔ⁷		
363	斟		tsim¹	tsim¹	⁻⁻⁻⁻	tsim¹	tsim¹	ɐɐᴇ	*tsim¹		
364	刀		to¹	to¹	tɤ¹	to¹	to¹	tɔ⁴¹	*to¹		
365	□	knock	kʰa⁵	kʰa⁵	kʰɤ⁵	----	---	kʰa⁵	ɤkʰaə⁵		
366	知		tsai¹	tsai¹	tsɛ¹	tsai¹	tsai¹	tsai¹	*tsai¹		
367	桸		hia¹	hia¹	hia¹	hia¹	hia¹	⁻⁻⁻⁻	*hia¹		
368	娘		niũ	liə̃²	niŋ²	nio²	nio²	niɔ²	ɤ*niõ²		
369	湖		ɔ²	ɸ̃	hu²	ou²	ou²	ɛu²	ɤ*ou²		
370	瘸		kʰə²	⁻⁻ᵐ	kʰɤ²	kʰue⁴	kʰue²	kʰuɛ²	*kʰuø²		
371	燈		tiŋ¹	tiŋ¹	teŋ¹	teŋ¹	teŋ¹	teŋ¹	*tiŋ¹		
372	話		ue⁵	ua⁶	bua¹	ue⁶	ue⁶	uɛ¹	*ue⁶		
373	晏		uã⁵	uã⁵	muã⁵	uã⁵	mᴇᴇᴇ	ua⁵	*uã⁵		
374	笑		tsʰio⁵	tsʰio⁵	tsʰɤ⁵	tsʰio⁵	tsʰio⁵	tsʰiɔ⁵	*tsʰio⁵		
375	法		huat⁷	huat⁷	huaʔ⁷	huak⁷	huap⁷	bak⁷	*huap⁷		
376	□	lazy	tũ	tɯa⁰	tuᴀ⁴	tua⁴	tua⁴	tua⁴	*tuã		
377	箬		hioʔ⁸	hioʔ⁸	liɤ⁴	hioʔ⁸	hioʔ⁸	hiɔ⁴	ɤ*nhioʔ⁸		
378	倚		ua³	ua³	ua³	ua³	ua³	ua³	*ua³		
379	學		oʔ⁸	oʔ⁸	ɤ⁴	oʔ⁸	oʔ⁸	ø	*oʔ⁸		
380	博		pʰɔk⁷	pʰɔk⁷	pʰoʔ⁷	pʰak⁷	pʰak⁷	pɔk⁷	ɤpʰuok⁷		
381	閑		uĩ²	iŋ0	iŋ²	ai²	oi²	ai²	*ɐi²		
382	批		pʰue¹	[pʰe¹	pʰe¹	pʰoi¹	pʰoi¹	pʰɔi¹	*pʰoi¹		
383	舐		tsi⁴	tsi⁶	⁻⁻⁻	tsi⁴	tsi⁴	tsi⁴	*tsi⁴		
384	倒		to³	to³	tɤ³	to³	to³	⁻⁻⁻⁻	*to³		
385	輕		kʰin¹	kʰin¹	kʰeŋ¹	kʰeŋ¹	kʰiŋ	kʰieŋ¹	*kʰin¹		
386	綠		liak⁵	lik⁸	loʔ⁸	lek⁸	lek⁸	liak⁸	*lɯk⁵		
387	唇		tun²	tun²	tueŋ²	tuŋ²	tuŋ²	tuŋ²	ɤ*tun²		
388	聽		tʰiã¹	tʰiã¹	tʰiã¹	tʰiã¹	tʰiã¹	tʰia¹	*tʰiã¹		
389	荔		nuiĩ⁵	lãi⁶	leŋ¹	li⁴	li⁴	li⁷	ɤ*noĩ⁶		
390	肝		kuã¹	kuã¹	kuã¹	kuã¹	kuã¹	kua¹	*kuã¹		
391	長		tŋ²	tŋ²	tŋ²	tɯŋ²	tɯŋ²	tɔ²	ɤtõ²		
392	冗		liŋ⁵	liŋ⁶	loŋ¹	neŋ⁴	leŋ⁶	niaŋ¹	ɤ*nɯŋ⁶		
393	脫		tʰut⁷	tʰut⁷	tʰoʔ⁷	tʰuk⁷	tʰuk⁷	tʰuk⁷	⁵tʰut⁷		
394	蝨		sat⁷	sap⁷	saʔ⁷	sak⁷	sak⁷	sak⁷	*sat⁷		
395	下		ke⁴	ke⁶	kia⁴	ke⁴	ke⁴	⁻⁻⁻	*ke⁴		
396	肺		hui⁵	hi⁵	pʰui⁵	hui⁵	hui⁵	hui⁵	ɤpʰui⁵ -⁴⁴hui⁵		
397	趁		tʰan⁵	tʰan⁵	tʰaŋ0	tʰaŋ0	tʰaŋ0	tʰaŋ0	*tʰan⁵		
398	檨		suan⁵	suã⁶	⁻⁻⁻⁻	suãi⁶	suãi⁶	xᴇɤ⁻	*ʂuõi⁵(?)		
399	□	many	tsue⁵	tse⁶	tse¹	tsoi⁶	tsoi⁶	tsɔi¹	*tsoi⁶		
400	嫁		ke⁵	kɛ⁵	ka⁵	ke⁵	ke⁵	kɛ⁵	*ke⁵		
401	桅		ui²	ui²	bui²	ui²	ui²	ɕᴇɐ⁵	ɤui²		
402	肉		hiak⁸	⁻⁻⁻⁻	⁻⁻⁻	nek⁸	nek⁸	hip⁸	*nhɯk⁸		
403	膏		ko¹	ko¹	kɤ¹	ko¹	ko¹	kɔ⁴	*ko¹		
404	藥		ioʔ⁸	ioʔ⁸	ziɤ⁴	ioʔ⁸	ioʔ⁸	iɔ⁴	*ioʔ⁸		
405	瓜		kue¹	kua¹	kua¹	kue¹	kue¹	kuɛ¹	*kue¹		
406	礦		kʰŋ⁵	kʰɔŋ⁵	kuã̃	kʰuaŋ⁵	kʰuaŋ⁵	kʰuaŋ⁵	*kʰuoŋ⁵		
407	磨		bo⁵	bo⁶	bɤ¹	mo⁶	mo⁶	mɔ¹	ɤ*mo⁶		
408	鏡		kiã⁵	kiã⁵	kiã⁵	kiã⁵	kiã⁵	kia³	*kiã⁵		
409	念		liam⁵	liam⁶	liaŋ¹	niam⁴	niam⁴	niam¹	niam⁶		
410	霧		bu⁵	bu⁶	bu⁵	bu⁶	bu⁶	bɛu⁵	*bu⁶⁻⁻*bou⁶		
411	攙		tsʰam¹	tsʰam¹	tsʰaŋ¹	⁻⁻⁻⁻	⁻⁻⁻⁻	⁻⁻⁻⁻	*tsʰam¹		
412	雜		tsap⁸	tsap⁸	tsaʔ⁸⁵	tsap⁸	tsap⁸	tsap⁸	*tsap⁸		
413	痣		ki⁵	ki⁵	ki⁵	ki⁵	ki⁵	ki⁵	ɤki⁵		
414	錢		tsi²	tsi²	tsiŋ²	tsi²	tsi²	tsi²	ɤtsi²		
415	猴		kau²	kau²	kɒ²	kau²	kau²	kau²	*kau²		
416	月		ɡəʔ⁸	ɡueʔ⁵	bue⁴	ɡueʔ⁵	gueʔ⁵	buɛ⁴	x*guøʔ⁸		
417	臼		ku⁴	kʰu⁶	kʰu⁴	kʰu⁴	kʰu⁴	kʰu⁴	ɤkʰu⁴		
418	蠓		baŋ³	baŋ³	baŋ³	maŋ³	maŋ³	maŋ³	*maŋ³		
419	苔		tʰ⁴	tʰi²	tʰɤ	(ʰ̃	tʰ̃	tʰi	ɤpʰ̃		
420	舅		ku⁴	ku⁶	ku⁴	ku⁴	ku⁴	ku⁴	*ku⁴		
421	山		suã¹	suɨ̃8	suã¹	suã	suã	sua¹	*suã		
422	喙		tsʰui⁵	tsʰui⁵	⁻⁻⁻⁻	tsʰui⁵	tsʰui⁵	tsʰui⁵	*tsʰui⁵		
423	動		taŋ⁴	taŋ⁰	taŋ⁴	taŋ⁴	taŋ⁴	tʰaŋ⁴	*taŋ⁴		
424	撬		kiau⁴	kiau⁶	kiɤ⁴	kiau⁴	kiau⁴	kiau⁴	*kiau⁴		
425	菇		kɔ¹	kɔ¹	ku¹	kou¹	kou¹	kɛu¹	*kou¹		
426	啞		e³	ɛ̃³	a³	e³	e³	ɛ³	ɦd	e³	
427	名		biã²	biã²	miã²	miã²	miã²	mia²	*miã²		
428	狹		ueʔ⁸	eʔ⁸	æ	oiʔ⁸	oiʔ⁸	ɔi⁴	*oiʔ⁸		
429	近		kun⁴	kin⁶	keŋ⁴	keŋ⁴	kiŋ⁴	kieŋ⁴	*kɯn⁴		
430	頷		am²	am⁶	---⁻	am⁴	am⁴	am⁴	*.	am⁴	
431	岫		siu⁵	siu⁶	siu⁵	siu⁶	siu⁶	siu¹	ɤsʂiu⁶		
432	網		baŋ⁴	baŋ⁶	baŋ⁴	maŋ⁴	maŋ⁴	maŋ⁴	ɤmaŋ⁴		
433	新		sin¹	sin¹	seŋ¹	seŋ¹	siŋ¹	sieŋ¹	*sin¹		
434	九		kau³	kau³	kɔ³	kau³	kau³	kau³	*kau³		
435	北		pak⁷	pak⁷	paʔ⁷	pak⁷	pak⁷	pak⁷	*pak⁷		
436	鼻		pʰi⁵	pʰi⁶	pʰi⁵	pʰi⁶	pʰi⁶	pʰi¹	xpʰi⁶--pʰi⁶		
437	唔		m⁵	m⁶	ŋ¹	m⁴	m⁴	----	ɤ*m⁶		
438	無		bo²	bo²	bɤ²	bo²	bo²	bɔ²	*bo²		
439	槳		tsiuĩ³	ɐɐɪɐ̃̃	⁵⁵⁵⁵	tsiõ³	tsio³	mɐɐ⁵	*tsiõ³		
440	服		hɔk⁵	hɔk⁸	hoʔ⁸	hok⁸	hok⁸	hɔk⁸	*hok⁸		
441	油		iu²	iu²	iu²	iu²	iu²	iu²	*iu²		
442	老		lau⁴	lau⁶	lɤ³	lau⁴	lau⁴	lau⁴	*lau⁴		
443	舊		ku⁵	ku⁶	ku¹	ku⁶	ku⁶	ku¹	ɤ*ku⁶		
444	蜀		tsit⁸	tsit⁸	tseʔ⁸	tsek⁸	tsek⁸	ziak⁸	*tsit⁵⁴ *tsɯk⁵		
445	家己		kai⁴ki⁵	ka¹ki²	⁻⁻⁻⁻	ka¹ki⁶	ka¹ki⁵	ka⁴ki¹	ʻka¹ki⁶(?)		
446	獨		tɔk⁸	tɔk⁸	toʔ⁸	tok⁸	tok⁸	tɔk⁸	*tok⁸		
447	開		kʰui¹	kʰui¹	kʰui¹	kʰui¹	kʰui¹	kʰui¹	ʷkʰuĩ¹		
448	擘		⁻⁻⁻	pɛʔ⁷	pə⁵	peʔ⁷	peʔ⁷	pɛ⁷	*peʔ⁷		
449	外		gua⁵	gɯø̃	⁵⁵⁻⁵	gua⁶	gua⁶	bua¹	ɤ*gua⁶		
450	欠		kʰiam⁵	kʰiam⁵	kʰiaŋ⁵	kʰiam⁵⁻kʰeŋ⁵	kʰim⁵	kʰiam⁵	kʰiam⁵		
451	蠔		o²	o²	ɤ²	o²	o²	ɔ²	x²		
452	雙		saŋ¹	siaŋ¹	saŋ¹	saŋ¹	saŋ¹	siaŋ¹	ɤsaŋ¹⁻⁻*siaŋ¹		
453	掌		tsili³	tsiɔ̃³	tsŋ³	tsiõ³	tsiõ³	tsiɔ²	ɤtsiõ²		
454	擘		peʔ⁷	pɛʔ⁷	pa⁵	peʔ⁷	peʔ⁷	pɛ⁷	*peʔ⁷		
455	筆		pit⁷	pit⁷	peʔ⁷	pek⁷	pik⁷	piek⁷	*pit⁷		
456	儂		laŋ²	laŋ²	laŋ²	naŋ²	naŋ²	naŋ²	*naŋ²		
457	抾		kʰioʔ⁷	kʰioʔ⁷	kʰiɤ⁵	kʰioʔ⁷	kʰioʔ⁷	kʰiɔ⁷	ʷkʰioʔ⁷		
458	畫		ue⁵	ua⁶	bua¹	ue⁶	ue⁶	uɛ¹	*ue⁶		
459	豬		tɯ¹	ti¹	⁻⁻⁻⁻	tɯ¹	tu¹	tu¹	*tɯɪ¹		
460	鴿		kap⁷	kap⁷	kaʔ⁷	kap⁷	kap⁷	kap⁷	*kap⁷		
461	柱		tʰiau⁴	tʰiau⁶	tʰiɔ⁴	tʰiau⁴	tʰiau⁴	tʰiau⁴	ʷtʰiau⁴		
462	夾		gueʔ⁷	gɛ̃ʔ⁷	kaʔ⁷	kiap⁸	kiap⁷	kɒi⁷	ɤ*ŋoiʔ⁷ *koiʔ⁷	-⁻	
463	□	pinch (2)	⁻⁻⁻	liam⁵	⁻⁻⁻⁻	niam⁵	niam⁵	niam⁷	ɤniam⁵		
464	衣		ui¹	ui¹	mȵʰᴇ	ui¹	ui¹	mȵȵᴇ	ɤ*ui¹		
465	戲		hi⁵	hi⁵	hi⁵	hi⁵	hi⁵	hi⁵	*hi⁵		
466	□□	play (v.)	tʰit⁷tʰo²	ɣʒ⁴ɪ̃tʰo²	rʷɤˑ⁵tʰo²	tʰek⁷tʰo²	tʰik⁷	tiŋ⁷tʰɔŋ²	ɤtʰit⁷tʰo²		
467	犂		lue²	le²	le²	loi²	loĩ²	lɔi²	*loi²		
468	梅		m²	m²-⁴ bue²	uɪŋ	bue²	bue²	buɛ²	ɤ*mue²		
469	毒		tak⁵	tak⁵	toʔ⁵	tak⁸	tak⁵	tak⁵	*tak⁵		
470	港		kaŋ²	kaŋ⁹	kaŋ²	kaŋ²	kaŋ²	kaŋ²	*kaŋ³		
471	□	pour liquid into cup	ɬȵɛ	ɐɨ̃	ɤwœŋ̃	̃⁵⁵⁵	tʰiŋ²	⁻⁻⁻⁻	ɕ̃̃̃̃		
472	寶		po³	po³	pɤ³	po³	po³	pɔ³	*po³		
473	□	press (v.)	d	ȵʰĩ¹	ɨæʑiɪ	⁻⁻⁵	ziʔ⁵	ziʔ⁵	⁻⁻⁻⁻	xdiʔ⁵	
474	□	press down	teʔ⁷	tɛʔ⁷	ta⁵	teʔ⁷	teʔ⁷	tɛ⁷	*teʔ⁷		
475	□	pretend	t]	f̃	tɐ⁵	t̃⁵	tẽ⁵	tẽ	te⁵	ɤtẽ⁵	
476	價		ke⁵	kɛ⁵	ka⁵	ke⁵	ke⁵	kɛ⁵	*ke⁵		
477	旺		ɔŋ⁵	ɔŋ⁶	buaŋ¹	uaŋ⁴	uaŋ⁴	baŋ⁴	*uoŋ⁶		
478	挽		ban³	ban³	baŋ³	maŋ⁹0	maŋ⁹	maŋ³	*maŋ³		
479	脈		beʔ⁸	bɛ̃ʔ⁸	mã⁴	meʔ⁸	meʔ⁸	bɛ⁴	*meʔ⁸		
480	辣		luaʔ⁸	luaʔ⁵	lua⁴	luaʔ⁸	luaʔ⁸	lua⁴	*luaʔ⁸		
481	罰		huat⁸	huat⁸	huaʔ⁸	huak⁸	huak⁸	huak⁸	*huat⁸		
482	糴		tiaʔ⁸	tiaʔ⁸	tia⁴	tiaʔ⁸	tiaʔ⁸	tia⁴	*tiaʔ⁸		
483	兔		tʰɔ⁵	tʰ⁵	⁻⁻⁻	tʰou⁵	tʰou⁵	tʰeu⁵	xtʰou⁵		
484	雨		hɔ⁴	hɔ⁶	hu⁴	hou⁴	hou⁴	hɛu⁴	*hou⁴		
485	□	rainbow	z	kʰiŋ⁴	kʰiŋ0	kʰueŋ¹	kʰeŋ⁴	kʰeŋ⁴	kʰiaŋ¹	*kʰɯŋ⁴	
486	笠		lueʔ⁸	leʔ⁸	le⁴	loiʔ⁸	loiʔ⁸	lɔi⁴	*loiʔ⁸		
487	□	raise (head)	kaʔ⁸	giaʔ⁷	kʰia⁵	⁻⁻⁻	kiaʔ⁸	⁻⁻⁻	xgiaʔ⁷(ʔ)		
488	上		tsʰĩ⁴	tsʰiə⁵	tsŋ⁴	tsiõ⁴	tsiõ⁴	tsiɔ⁴	*tsiõ⁴*tsʰiõ⁴		
489	級		kip⁷-⁴kʰip⁷	kip⁷	kʰeʔ⁷	kʰip⁷	kʰip⁷	kʰip⁷	kip⁷-ʷkʰip⁷		
490	贖		siɔk⁸	siɔk⁸	soʔ⁵	sok⁸	sok⁸	siak⁸	ɤʂiok⁵suɯɪk⁵	-⁴	
491	鼠		tsʰɯ³	tsʰi³	tsʰi³	tsʰɯ³	tsʰu³	tsʰu³	*tsʰuɯ³		
492	坑		kʰĩ¹	kʰɛ¹	kʰã¹	kʰẽ¹	kʰẽ¹	kʰe¹	xkʰɐ¹		
493	讀		tʰak⁵	tʰak⁸	tʰaʔ⁵	tʰak⁸	tʰak⁸	tʰak⁸	*tʰak⁸		
494	真		tsin¹	tsin¹	tseŋ¹	tseŋ¹	tsiŋ¹	tsieŋ¹	*tsin¹		
495	鐮		nui²	liam²	⁻⁻⁻⁻	niam²	liam²	liam²	*liam²*nõĩ²	-⁴	
496	接		tsiʔ⁷	tsiʔ⁷	tsiaʔ⁷	tsiʔ⁷	tsiʔ⁷	tsi⁷	*tsiʔ⁷		
497	認		lin⁵	dzin⁶	leŋ¹	zeŋ⁶	ziŋ⁶	zieŋ¹	*din⁶		
498	紅		aŋ²	aŋ²	aɪᴇ	aŋ²	aŋ²	aŋ²	ɤaŋ²		
499	留		lau²	lau²	lɔ²	lau²	lau²	lau²	*lau²		
500	記		ki⁵	ki⁵	ki⁵	ki⁵	ki⁵	ki⁵	ɤki⁵		
501	徙		sua³	sua³	sua³	sua³	sua³	sua³	*sua³		
502	宅		tʰeʔ⁵	tʰɛʔ⁵	tʰa⁴	tʰeʔ⁸	tʰeʔ⁸	tsai¹	*tʰeʔ⁵		
503	息		sit⁷	sit⁷	seʔ⁷	sek⁷	sek⁷	sik⁷	*set⁷		
504	糜		bə²	bãii²	mŋ²	mue²	mue²⁴	muɛ²	ɤmuø²		
505	米		bi³	bi³	bi³	bi³	bi³	bi³	*bi³		
506	粙		tiu⁴	tiu⁶	ɐɐ⁵ɐ	tiu⁴	tiu⁴	tiu⁴	*tiu⁴		
507	秧		ŋ	ŋ	ŋ¹	ŋ	ŋ	iɔ¹	xŋ¹		
508	飲		am³	am³	aŋ³	am³	am³	am³	*.	am³	
509	餜		kə³	kue⁸	kue⁵	kue²	kue²	kɔ³	ɤ*kuø³		
510	騎		kʰa²	kʰia²	kʰi²	kʰia²	kʰia²	kʰia²	ɤkʰia²		
511	著		tioʔ⁸	tioʔ⁵	tʰiɤ⁴	tioʔ	tioʔ	tiɔ⁴	*tioʔ⁶		
512	癬		sian³	sian³	siaŋ⁹	siaŋ⁹	siaŋ⁷	tsʰua³	⁴tsʰuã³⁻⁴*sian³		
513	□	einse mouth	lɔk⁸	ʃəɨʉ̃	r⁻⁵⁻⁵	⁻ɐᴇɤ⁵	fl	lɔŋ⁴	*lɔk⁵	(?)	
514	溪		kʰue¹	kʰe¹	kʰe¹	kʰoi¹	kʰoi¹	kʰɔi¹	ɤkʰoi¹		
515	路		lɔ⁵	lɔ⁶	lu¹	lou⁶	lou⁶	lɛu¹	*lou⁶		
516	賊		tsʰat⁸⁵	tsʰat⁸	tsʰaʔ0	tsʰak⁸	tsʰak⁸	tsʰak⁸	⁴tsʰat⁸		
517	□	roll up (sleeves)	piʔ	piʔ̃	pp⁵	⁻⁻̃	⁻ɪ̃	⁻⁻̃	ɤpiʔ		
518	根		kun¹	kin¹	keŋ¹	keŋ¹	kiŋ¹	kieŋ¹	ɤ*kɯn¹		
519	索		soʔ⁷	soʔ⁷	sɤ⁵	soʔ⁷	soʔ⁷	sɔ⁷	ɤ*ʂoʔ⁷		
520	圓		ɤ²	ɤ²	mŋ¹	ɪ̃	ɤ²	i²	xɿ²		
521	挲		so¹	so¹	ɐᴇᴇɐ	so¹	so¹	sɔ¹	*so¹		
522	舵		tua⁴	tua⁶	tɔ²	tua⁴	tua⁴	tua⁴	*tua⁴		
523	尺		tsʰioʔ⁷	tsʰioʔ⁷	tsʰɤ⁵	tsʰioʔ⁷	tsʰioʔ⁷	tsʰiɔ⁷	³ʻtsʰioʔ⁷		
524	走		tsau³	tsau³	tsɔ³	tsau³	tsau³	tsau³	*tsau³		
525	□	run over	0	kʰueʔ⁷	kʰeʔ⁷	⁻⁻⁻⁻	kʰoiʔ⁷	kʰoiʔ⁷	⁻⁻⁻	ɤkʰoiʔ⁷	
526	伊		it	it	i³	it	it	it	ɤj¹		
527	篷		pʰaŋ̃	pʰaŋ²	pʰaŋ0	pʰaŋ²	pʰaŋ²	pʰaŋ²	ʷpʰaɪ²		
528	瀾		nuã⁴	luã⁶	nuã⁴	nua⁴	nua⁴	nua⁴	*nuã⁴		
529	鹽		iam²	iam²	iaŋ²	iam²	iam²	iam²	*iam²		
530	鹽		sĩ⁵	si⁶	siŋ⁵	⁻⁻⁻⁻	⁻⁻⁻⁻	⁻⁻⁻⁻	ɤʂĩ⁶		
531	鹹		kiam²	kiam²	kiaŋ²	kiam²	kiam²	kiam²	*kiam²		
532	沙		sua¹	sua¹	sua¹	sua¹	sua¹	sua¹	*sua¹		
533	鋸		kɯ⁵	ki⁵	ki⁵	kɯ⁵	ku⁵	ku⁵	ɤ*kɯ⁵		
534	疕		pʰi	pʰi¹	pʰi⁵	pʰi	pʰi	pʰi	ɤpʰi⁵		
535	燙		⁻⁻⁻	tʰŋ⁵	⁻⁻⁻	tʰɯŋ⁵	tʰɯŋ⁵	tʰɔ⁵	xtʰõ⁵		
536	鱗		lan²	lan²	leŋ²	laŋ²	laŋ²	laŋ²	*lan²		
537	罵		ma⁵	bɐ̃⁶	mã⁵	me⁶	me⁶	mɛ¹	ɤmẽ⁶	(ʔ)	
538	刮		kuaʔ⁷	kuaʔ⁷	kue⁵	kueʔ⁷	kueʔ⁷¹	kuɛ⁷	*kueʔ⁷		
539	海		hai³	hai³	hɛ³	hai³	hai²	hai²	*hai²		
540	□	search	il	tsʰə⁵	tsʰue⁶	tsʰue⁵	tsʰue⁶	tsʰue⁶	tuɛ⁵	*tsʰuø⁶	
541	墟		hɯ¹	hi¹	hi¹	hɯ¹	hu¹	⁻⁻⁻	*hɯ¹		
542	(第)二		li⁵	dzi⁶	li¹	zi⁴	zi⁴	zi¹	xdi⁶		
543	看		kʰuã⁵	kʰuã⁵	kʰuã̃	⁻⁻⁻	⁻⁻⁻⁻	⁻⁻⁻⁻	ʷkʰuã⁵	(ʔ)	
544	睇		⁻⁻	⁻̃	⁻ɪ̃	tʰ̃̃	tʰɵi⁸	⁻⁻⁻	*tʰəi³(ɔ)		
576	六		lak⁸	lak⁸	laʔ⁸	lek⁸	lak⁸	lak⁸	*lak³⁻⁴*lɯk⁵		
577	皮		pʰə²	pʰue²	pʰue²	pʰue²	pʰueʔ	pʰue²	ʷpʰuø²		
578	裙		kun²	kun²	kueŋ²	kuŋ²	kuŋ²	kuŋ²	ɤ*kun²		
579	天		tʰi¹	tʰi¹	tʰiŋ¹	tʰi¹	tʰi¹	tʰi¹	xtʰi¹		
580	□	slant	-	kʰi¹	kʰi¹	----	kʰi¹	kʰi¹	kʰi¹	ɤkʰi¹	
581	䘼		ŋ²	ui³	mŋ³	ŋ²	ŋ²	ui³	ɤʅii³		
582	□	slice (of melon)	z	tə⁵	te⁵	te⁵	⁻⁻⁻⁻	⁻⁻⁻⁻	tɛ⁵	*tø⁵	
583	□	slim	g	san²	san³	saŋ³	saŋ³	saŋ³	saŋ³	ɤsʂan³	
584	崩		pəŋ¹	paŋ	paŋ⁴	paŋ	paŋ⁴	paŋ	ɤpaŋ		
585	滑		kut⁸	kut⁸	koʔ⁸	kuk⁸	huk⁸	kut⁸	*kut⁵		
586	慢		ban⁵	ban⁶	baŋ¹	maŋ⁶	maŋ⁶	maŋ⁴	ɤ*man⁶		
587	細		sue⁵	se⁵	se⁵	soi⁵	soi⁵	sɔi⁵	*soi⁵		
588	罐		kuan⁵	kuan⁵	kuaŋ⁵	kuaŋ⁵	kuaŋ⁵	kuaŋ⁵	*kuan⁵		
589	味		bi⁵	bi⁶	bi¹	bi⁶	⁻⁻⁻⁻	bi¹	*bi⁶		
590	鼻		pʰi⁵	pʰi⁶	pʰi¹	pʰi⁶	pʰi⁶	pʰi¹	ɤpʰi⁶--ɤpʰi⁶		
591	臊		tsʰo¹	tsʰo¹	tsʰɤ¹	tsʰo¹	tsʰo¹	ɕɐɐ	*tsʰo¹		
592	臭		tsʰau⁵	tsʰau⁵	tsʰiɔ⁵	tsʰau⁵	tsʰau⁵	tsʰiau⁵	³ʻtsʰau⁵⁻⁻*tsʰiau⁵		
593	薰		hun¹	hun¹	hueŋ¹	huŋ¹	huŋ¹	huŋ¹	*hun¹		
594	熨		ut⁷	ut⁷	⁻⁻⁻⁻	uk̃⁷	uk̃⁷	⁻⁻⁻⁻	*ut⁷		
595	螺		lə²	le²	lue²	lo²	lo²	lɛ²	*lø²		
596	蛇		tsua²	tsua²	tsua²	tsua²	tsua²	tsua²	*tsua²		
597	雪		səʔ⁷	seʔ⁷	sue⁵	soʔ⁷	soʔ⁷	sɔi⁷	*ʂøʔ⁷		
598	襪		bəʔ⁵	bueʔ⁵	bue⁴	bueʔ⁵	ɡueʔ⁵	bak⁸	*buøʔ⁵		
599	軟		lŋ³	luĩ³	nuŋ³	nɯŋ³	nuɯɪŋ³	nui³	*nuiĩ³		
600	囝		kã³	kiã³	kiã³	kiã³	kiã³	kia³	*kiã³		
601	歌		kua¹	kua¹	kə¹	kua¹	kua¹	kua¹	*kua¹		
602	婿		sai⁵	sai⁵	sɛ⁵	sai⁵	sai⁵	si⁵	*sai⁵		
603	音		im¹	im¹	eŋ⁵	im¹	im¹	im¹	ɤʷim¹		
604	酸		sŋ¹	sui¹	suŋ¹	sɯŋ¹	sɯŋ¹	sui¹	*suĩ¹		
605	南		lam²	lam²	laŋ²	nam²	nam²	nam²	*nam²		
606	□	sparse (of congee)	d	ka⁵	ka⁵	̃̃	ka⁵	k̃̃̃	tɦ̃̃̃	*ka⁵	
607	呾		⁻⁻⁻⁻	⁻⁻⁻⁻	⁻⁻⁻⁻	tã⁵	tã⁵	⁻⁻⁻⁻	*tã⁵		
608	說		səʔ⁷	sueʔ⁷	sue⁵	sueʔ⁷	sueʔ⁷	suɛ⁷	*suø⁴ʔ⁷		
609	講		kaŋ²	kɔŋ⁹	kŋ³	⁻⁻⁻	⁻⁻⁻	kɔ³	ɤ*koŋ³(ʔ)		
610	噴		pʰun⁵	pʰun⁵	pʰueŋ̃	pʰuŋ⁵	pʰuŋ⁵0	pʰuŋ⁵	⁴pʰun⁵		
611	篾		biʔ⁸	biʔ⁸	bi⁴	biʔ⁸	biʔ⁸	mi⁴	*miʔ⁸		
612	舒		tsʰɯ¹	tsʰi¹	su¹	tsʰɯ¹	tsʰu¹	si¹	*tsʰuɯ¹		
613	春		tsʰun¹	tsʰun¹	tsʰueŋ¹	tsʰuŋ⁴	tsʰuŋ¹	tsʰuŋ¹	*tsʰun¹		
614	□	sprinkle	hi⁵	hiu⁵⁵	huŋ⁹0	mɦi⁹	hĩ	hi⁵	*hiu⁵(?) ʷɦĩ⁵		
615	發		puʔ⁷	puʔ⁷	pue⁵	huak⁷	huak⁷	pu⁷	ɤ*puʔ⁷(ʔ)		
616	跍		kʰu²	kʰu²	kʰu²	kʰu²	kʰu²	mɐɐ⁵	kʰu²		
617	疊		tʰaʔ⁵	tʰaʔ⁵	tʰa⁴	tʰaʔ⁵	tʰaʔ⁵	tʰa⁴	*tʰaʔ⁵		
618	蒂		ti⁵	ti⁵	ti⁵	tiʔ⁷	tiʔ⁷	ti⁷	ɬtʃ⁵⁻⁴xtiʔ⁷		
619	徛		kʰa⁴	kʰia⁶	kʰia⁴	kʰia⁴	kʰia⁴	kʰia⁴	*kʰia⁴		
620	星		tsʰi¹	tsʰɛ¹	tsʰã¹	tsʰẽ¹	tsʰɐ¹	tsʰe¹	*tsʰɐ¹		
621	偷		tʰau¹	tʰau¹	tʰɔ¹	tʰau¹	tʰau¹	tʰau¹	*tʰau¹		
622	蒸		tsiŋ¹	tsiŋ⁴	tseŋ¹	tseŋ¹	tseŋ¹	tsiŋ¹	*tsiŋ¹		
623	秤		tsʰin⁵	tsʰin⁵	tsʰeŋ⁵	tsʰeŋ⁵	tsʰiŋ0	tsʰieŋ⁵	*ʻtsʰin⁵		
624	徛		kia⁴	kia⁶	kʰia⁵	kia⁴	kia⁴	⁻⁻⁻	*kia⁴		
625	踏		taʔ⁸	taʔ⁸	ta⁴	taʔ⁸	taʔ⁷	ta⁴	*taʔ⁶		
626	□	stir	z	la⁴	la⁶	la⁴	la⁴	la³	ɐɐᴇ	*la⁴	
627	石		tsioʔ⁵	tsioʔ⁵	tsɤ⁴	tsioʔ0	tsioʔ⁵	tsiɔ⁴	*tsioʔ⁸		
628	窒		tʰat⁷	tʰat⁷	⁻⁻⁻⁻	⁻⁻⁻⁻	⁻⁻⁻⁻	tʰak⁷	*tʰat⁷		
629	直		tit⁸	tit⁸	teʔ⁵	tek⁸	tik⁸	tiek⁸	*tit⁸		
630	蓆		tsʰioʔ⁸	tsʰioʔ⁸	tsʰɤ⁴	tsʰioʔ⁸	tsʰioʔ⁵	tsʰiɔ⁴	ɤtsʰioʔ⁸		
631	街		kue¹	ke¹	ke¹	koi¹	koi¹	kɔi¹	ɤ*koi¹		
632	伸		tsʰŋ¹	tsʰun¹	tsʰuŋ¹	tsʰuŋ⁴	tsʰuŋ¹	tsʰuŋ¹	⁴tsʰun¹		
633	伐		huaʔ⁵	huaʔ⁵	⁻⁻⁻⁻	huaʔ⁵	huaʔ⁵	hua⁴	*huaʔ⁵		
634	□	strike (a match)	il	⁻⁻⁻	⁻⁻⁻	⁻⁻⁻	ueʔ⁸	⁻⁻⁻	uɛ²	ɤueʔ⁸	
635	拍		pʰaʔ¹	pʰaʔ⁷	pʰaʔ⁷	pʰaʔ⁷	pʰaʔ	pʰa⁷	xpʰak⁷		
636	□	strike a fire	0]	kʰia⁷	kʰia⁷	⁻⁻⁻⁵	kʰiak¹	⁻⁻⁻	⁻⁻	*kʰiat⁷	
637	糖		tʰŋ²	tʰŋ⁷	tʰŋ²	tʰɯŋ⁴	tʰɯŋ²	tʰɔ²	xtʰõ²		
638	□	sultry	z	hip⁷	hŋ̃ᴇ	⁵⁵⁵	hip⁷	hip⁷	ip⁷	*hip⁷	
639	夏		he⁵	hɛ⁶	ha¹	he⁶	he⁶	hɛ¹	*he⁶		
640	熱頭		lit⁸tʰau²	dzit⁵tʰau²	leʔ⁸tʰɔ²	zek⁸tʰau²	zik⁸tʰau²	ziek⁵tʰau²	*dit⁵tʰau²		
641	剩		sin⁵	sin⁶	⁻⁻⁻⁻	seŋ⁶	seŋŋ²	siŋ⁴	*sen⁶		
642	液		sioʔ⁸	sioʔ⁵	siɤ⁴	sioʔ⁸	sioʔ⁸	zɛ⁴	*sioʔ⁸		
643	泅		siu²	siu²	siu²	siu²	siu²	siu²	*siu²		
644	桌		toʔ⁷	toʔ⁷	tɤ⁵	⁻⁻⁻⁻	⁻⁻⁻⁻	⁻⁻⁻⁻	ɤtoʔ⁷		
645	床		⁻⁻⁻	⁻⁻⁻⁻	tɤ⁵tsʰŋ²	tsʰɯŋ²	tsʰɯŋ²	tsʰɔ²	*tsʰõ²		
646	□	tadpole	zd	mmɪ	kuai¹	⁻⁻⁻⁻	kuai¹	mʰɤᴇ	kui¹	ɤ*kuai¹	
647	尾		bə³	bue³	bue³	bue³	bue³	buɛ²	*buø³		
648	褪		tʰŋ⁵	tʰui⁵	⁻⁻⁻⁻	tʰɯŋ⁵	tʰɯŋ⁵	tʰui⁵	xtʰuĩ⁵		
649	娶		tsʰua⁵	tsʰua⁶	tsʰua⁵	tsʰua⁶	tsʰua⁶	⁻⁻⁻⁻	*tsʰua⁶		
650	懸		kuiĩ²	kuãi²	kuŋ²	kuiĩ²	kuãi⁴²	kuai²	*kuoi²		
651	乖		kuai¹	kuai¹	kuɛ¹	kuai¹	kuai¹	kuai¹	*kuai¹		
652	芋		ɤ⁵	ø⁵	u¹	ou⁶	ou⁶	ɛu¹	*ou⁶		
653	稅		sə⁵	sue⁵	sue⁵	sue⁵	sue⁵	suɛ⁵	*suø⁵		
654	茶		te²	tɛ²	ta²	te²	te²	tɛ²	*te²		
655	教		ka⁵	ka⁵	ka⁵	ka⁵	ka⁵	ka⁵	*ka⁵		
656	鬧熱		lau⁵liat⁸	lau⁶dziat⁸	lɔ¹ziak⁸		lau⁶ziaʔ⁸	lau⁶ziak⁸	nau¹ziek⁸	*nau⁶diat⁸	
657	廟		bio⁵	bio⁶	biɤ¹	bio⁶	bio⁴	miau⁴	*bio⁶		
658	十		tsap⁸	tsap⁸	tsaʔ⁵	tsap⁸	tsap⁸	tsap⁸	*tsap⁸		
659	萬		ban⁵	ban⁶	baŋ¹	buaŋ⁶	buaŋ⁶	baŋ¹	*ban⁶		
660	筋		kun¹	kin¹	keŋ¹	keŋ¹	kiŋ¹	kieŋ¹	ɬ*kɯn¹		
661	謝		sia⁵	sia⁶	sia¹	sia⁶	sia⁶	sia¹	*sia⁶		
662	許		hit⁷	hit⁷	hi³	hɯ³	hi³	⁻⁻⁻	*hɯ̃		
663	茅		bau²	hm²m²	-	hŋ²	mau²	mau²	mau²	ɤ*mhau²	
664	[伊儂]		in¹	in¹	-⁻--	i¹	naŋ⁴	iŋ¹	i¹	naŋ⁹	*i¹
665	厚		kau⁴	kau⁶	kɔ⁴	kau⁴	kau⁴	kau⁴	*kau⁴		
666	洘		kʰo³	kʰoʔ⁷	kʰɤ³	⁻⁻⁻⁻	⁻⁻⁻⁻	kʰɔ³	ʷkʰo³		
667	□	this	ȵᴇɐᴇ	ɐɕ̃̃̃	̃̃	kek⁸	kik⁸	kiek⁸	*kit⁸		
668	枋		paŋt	paŋ	paŋ	paŋ	paŋ	⁻̃̃	ʷpaŋ¹		
669	板		ɐən⁹	pan0	pəŋ	pã⁹	pɔi³	pa¹³	⁴pəm⁻ʻpõi		
670	薄		poʔ⁸	poʔ⁵	pɤ⁴	poʔ⁸	poʔ⁸	pɔ⁴	ɤ*poʔ⁸		
671	想		siuĩ³	siɒ̃³	siŋ⁴	siõ⁴	sio⁴	siɔ⁴	ɤʂiõ³⁴*siõ⁴		
672	只		tsit⁷	tsit⁷	tsi³	tsi³	tsi³	⁻⁻⁻	*tsi³		
673	千		tsʰui¹	tsʰiŋ¹	tsʰiŋ0	tsʰãi¹	tsʰãi¹	tsʰai¹	*tsʰõi¹		
674	線		suã⁵	suʑ̃̃	suã⁵	suã⁵	suã⁵	sua⁵	*suã⁵		
675	三		sã¹	sã	sã¹	sã	sã¹	sa¹	*sã¹		
676	嚨		nã²	lã²	⁻⁻⁻⁻	⁻⁻⁻	leŋ²	liaŋ²	ɤ*nã²⁻⁻lɯŋ²		
677	□	throw down	sak⁷	siak⁷	saʔ⁷	sek⁷	sek⁷	siak⁷	*sak⁷⁻⁻*ʂuɪk⁷		
678	雷		luĩ²	lui²	lui²	lui²	lui²	lui²	*lui²		
679	□	tickle	il	ŋiãu¹	iãu¹	⁻⁻⁻⁻	niau¹	niau¹	*ŋiau¹⁻⁻*niau¹	⁻⁻⁻	
680	結		kat⁷	kat⁷	kaʔ⁷	kak⁷	kak⁷	kiek⁷	*kat⁷		
681	縛		pak⁸	pak⁸	pa⁴ʔ	pak⁸	pak⁸	pak⁸	*pak⁸		
682	q虎		hɔ³	hɔ³	hu³	hõu³	hou³	hɛu³	*hou³		
683	緪		an²	an²	aɪʔ	aŋ²	-⁻--	aŋ²	ɤ*an²		
684	瓦		hia⁴	hia⁶	bua⁴	hia⁴	hia⁴	hia⁴	*hia⁴		
685	舌		tsiʔ⁸	tsiʔ⁵	sua⁴	tsiʔ⁸	tsiʔ⁸	tsi⁴	*tsiʔ⁶		
686	齒		kʰi⁵	kʰi³	kʰi³	kʰi²	kʰi²	kʰi⁸	ɤkʰi²		
687	龜		ku¹	ku¹	kui¹	ku¹	ku¹	ku¹	*ku¹		
688	犯		huan⁴	huan⁶	haŋ⁴	huaŋ⁴	huam⁴	baŋ⁴	ɤ*huam⁴		
689	樹		tsʰiu⁵	tsʰiu⁶	tsʰu⁵	tsʰiu⁶	tsʰiu⁶	tsʰiu¹	tsiu⁶		
690	褲		kʰɔ⁵	kʰɔ⁵	kʰu⁵	kʰou⁵	kʰou⁵	kʰɛu⁵	*kʰou⁵		
691	栱		kɔŋ³	kɔŋ³	⁻⁻⁻̃	koŋ³	⁻⁻⁻	⁻⁻⁻	*koŋ³		
692	楔		sueʔ⁷	seʔ⁷	se⁵	soiʔ⁷	soiʔ⁷	⁻⁻⁻	*soiʔ⁷		
693	醪		lo²	lo²	⁻⁻⁻⁻	lo²	lo²	⁻⁻⁻	*lo²		
694	濁		tsɔk⁸	tsɔk⁸	tsoʔ⁵	tsuak⁸	tsuak⁸	tsuak⁸	³tsuok⁸		
695	轉		tŋ³	tuĩ³	tuŋ³	tɯŋ³	tɯŋ³	tui³	*tuiĩ³		
696	反		puĩ³	pan³	piŋ⁴	pãi³	pãi³	pai³	*	põi³	
697	旋		tsun⁴	tsun⁶	tsueŋ⁴	tsuŋ⁴	tsuŋ⁴	⁻⁻⁻⁻	*tsun⁴		
698	兩		nŋ⁴	lɔ̃⁶	nŋ²	no⁴	no⁴	nɔ⁴	ɤ*nõ⁴		
699	傘		suã⁵	suʑ̃̃	suã⁵	⁻⁻⁻	⁻⁻⁻⁻	sua⁵	*suã⁵		
700	遮		⁻⁻⁻⁻	⁻⁻⁻	⁻⁻⁻⁻	tsia¹	tsia¹	tsia¹	*tsia¹		
701	生		tsʰi¹	tsʰɛ¹	tsʰã¹	tsʰẽ¹	tsʰɐ¹	tsʰe¹	*tsʰɐ̃¹		
702	□	understand	pat⁷	pat⁷	paʔ⁷	pak⁷	pak⁷	pak⁷	*	pat⁷	
703	升		tsin¹	tsin¹	seŋ¹	seŋ¹	seŋ¹	siŋ¹	*tsen¹		
704	敨		tʰau³	tʰau³	tʰɔ³	tʰau³	tʰau³	⁻⁻⁻	*tʰau³		
705	尿		lio⁵	dzio⁶	liɤ¹	zio⁶	zio⁶	ziɔ¹	*dio⁶		
706	□	use something to reach higher	0	kə³	kue³	⁻⁻⁻⁻	kue³	kue³	⁻⁻⁻⁻	*kuø³	
707	瓶		pan²	pan⁹²	paŋ⁷	paŋ⁰	paŋ⁷	paŋ⁷	pan²		
708	菜		tsʰai⁵	tsʰai⁵	tsʰɛ⁵	tsʰai⁵	tsʰai⁵	tsʰai⁵	⁴tsʰai⁵		
709	吐		tʰɔ⁵	tʰɔ	tʰʊ⁵	tʰou⁵	tʰou⁵	⁻⁻⁻	*tʰou⁵		
710	腰		io¹	io¹	iɤ¹	io¹	io¹	iɔ⁴	*io¹		
711	行		kiã²	kiã²	kiã²	kiã²	kiã²	kia²	*kiã²		
712	裘		hiu²	hiu²	hiu²	⁻⁻⁻⁻	hiũ²	⁻⁻⁻⁻	*hiu²		
713	洗		sue²	se²	se³	soi³	soi³	sɔi³	ɤsoi³		
714	水		tsui³	tsui³	tsi³	tsui³	tsui³	tsui²	*tsui³		
715	沃		ak⁷	ak⁷	aʔ⁷	ok⁷	ak⁷	ak⁷	*ak⁷		
716	潘		pʰun¹	pʰun¹	pʰueŋ⁷	pʰuŋ¹	pʰuŋ¹	pʰuŋ¹	ʷpʰun¹		
717	蓮		nui²	lian²	liaŋ²	naĩ²	noi²	lieŋ²	*lian²*nõi²	-⁴	
718	湧		iŋ³	iŋ³	ioŋ³	eŋ³	eŋ³	iaŋ³	ɤ*ɯŋ³		
719	□	wave (v.)	r	iat⁸	iat⁸	iaʔ	iaʔ⁵	iaʔ⁵	iek⁸	*iat⁸	
720	[我儂]		gun³	gun³	⁻⁻⁻⁻	uaŋ³	uaŋ²	ɐɐᴇɐ	ɤgua³naŋ²		
721	頌		tsʰiŋ0	tsʰiŋ⁰	tsoŋ¹	tsʰeŋ⁶	tsʰeŋ⁵	tsʰiaŋ¹	⁵ʻtsʰɯŋ⁸		
722	啼		tʰi²	tʰi²	tʰi²	tʰi²	tʰi²	tʰi²	xtʰi²		
723	井		tsĩ²	tsẽ³	tsã³	tsẽ³	tsẽ³	tsɛ³	ɤtsẽ³		
724	乜		mĩʔ⁷	bĩ¹	ɐɐᴇᴇ	meʔ⁷	miʔ⁷	mi⁷	*miʔ⁷		
725	白		pe⁴ʔ⁸	pɛʔ⁵	pa⁴	pe⁴ʔ⁸	peʔ⁵	pɐ⁴	*peʔ⁸		
726	闊		kʰuaʔ⁷	kʰuaʔ⁷	kʰua⁵	kʰuaʔ⁷	kʰuaʔ⁷	kʰua⁷	ʷkʰuaʔ⁷		
727	某		bɔ³	bɔ³	⁻⁻⁻	bou³	bou³	⁻⁻⁻	*bou³		
728	風		huaŋ¹	hɔŋ¹	hoŋ¹	huaŋ¹	huaŋ¹	huaŋ¹	ɤhuoŋ¹		
729	逆(風)		giak⁸	ɡik⁸	ziaʔ⁵	ŋek⁸	ŋek⁸	ŋek⁸	*ŋik⁸		
730	彎		uan¹	uan¹	uaŋ¹	uaŋ¹	uaŋ¹	uaŋ¹	*uan¹		
731	窗		tʰaŋ	tʰaŋ	tʰɔ¹	tʰeŋ¹	tʰeŋ¹	tʰiaŋ0	⁴tʰeŋ¹⁻⁴ xtʰɯŋ¹		
732	酒		tsiu³	tsiu³	tsiu³	tsiu³	tsiu³	tsiu³	*tsiu³		
733	翼		sit⁸	sit⁸	seʔ⁸	sek⁸	sik⁸	siek⁸	ɤʂip⁸⁴*sit⁸		
734	簸		pua⁵	pua⁵	pua⁵	pua⁵	pua⁵	pua⁵	*pua⁵		
735	冬		taŋ¹	taŋ¹	taŋ¹	taŋ¹	taŋ¹	taŋ¹	*taŋ¹		
736	拭		tsʰit⁷	tsʰit¹	⁻⁻⁻⁻	tsʰek⁷	tsʰik⁷	tsʰiek⁷	tsʰit⁷		
737	退		tʰə⁵	tʰe⁵	tʰue⁵	tʰo⁵	tʰo⁵	tʰɛ⁵	*tʰø⁵		
738	妙		biau⁵	biau⁶	biɔ¹	miau⁴	miau⁴	miau³	*miau⁶		
739	木		bak⁵	bak⁸	boʔ⁸	bak⁵	bak⁵	mɔk⁸	ʷmak⁸		
740	工		kaŋ¹	kaŋ¹	kaŋ¹	kaŋ¹	kaŋ¹	kaŋ¹	*kaŋ¹		
741	包		pau¹	pau¹	pɔ¹	pau¹	pau¹	pau¹	*pau¹		
742	寫		sia³	sia³	sia³	sia³	sia³	sia³	*sia³		
743	□	wrong									
744	年		nĩ	li	niŋ²	ni²	ni²	hĩ²	*ntiĩ²		
745	麴		kʰak⁷	kʰak⁷	kʰaʔ⁷	⁻⁻⁻⁻	-⁻⁻⁻	-⁻-⁻	ɤ*kʰak⁷⁻ɤkʰuɪk⁵		
746	黃		ŋ²	uii²	ŋ²	ŋ²	ŋ²	ui²	ɤʅii²		
747	汝		luᴇ	li	li³	luᴇ	lu³	lu²	*lɯ³		
748	[汝儂]		lin³	lin³	ɐᴇɤᴇ	neŋ³	niŋ³	lu³	naŋ²⁴	*lɯ³	naŋ²
749	弟		ti⁴	ti⁶	ti⁴	ti⁴	ti⁴	ti⁴	xti⁴		
750	妹		bə⁵	bãi⁶	mŋ¹	mue⁴mue⁶	-	mue⁴	muɛ¹	ɤmuø⁴	
