id	zi	nan'an	jinjiang	zhangpu	chenghai	xianyou	putian	jianyang	songxi	mingxi	sanyuan	shaxian	jiangle	taining	jianning	shaowu
63	七	tsʰit⁵		sit³²/tsʰit³²	tsʰik¹	tsʰiʔ²	tsʰiʔ²¹	tʰɔi²¹⁴	tsʰei²²⁴	tsʰi³¹/tsʰi⁵	tsʰi²¹³	tsʰe²¹²	tsʰi⁵	tsʰei³⁵⁴	tsʰit²	tʰi⁵³
57	三	sã³³/sam³³	sã³³/sam³³	sã⁵⁵/sam⁵⁵	sã³³/saŋ³³	ɬɒ̃⁵⁴/ɬaŋ⁵⁴	ɬɒ⁵³³/ɬaŋ⁵³³	saŋ⁵³	saŋ⁵²	saŋ³³	sɔ̃⁵⁵³	sɔ̃³³	saŋ⁵⁵	saŋ²¹	sam³⁴	
121	上	siɔŋ³¹/tsiũ³¹/tsiũ¹¹		siaŋ³³/tsʰiũ³³/tsiũ³³	siaŋ³⁵/tsiẽ³⁵	ɬyøŋ²¹/ɬiũ²¹	ɬyɒŋ¹¹/ɬiau¹¹/tsʰiau¹¹	siɔŋ⁴³/tsiɔŋ³³²/ɦiɔŋ³³²	sioŋ⁴⁵/tsioŋ⁴⁵/hioŋ⁴¹	soŋ⁵⁴/soŋ³¹	siam³³/ʃiam³³/ʃiam³⁵³	siŋ²⁴	ʃɔŋ²³¹/ʃɔŋ⁵¹		sɔŋ⁴⁵	ɕioŋ³⁵
21	五	gɔ¹¹/gɔ⁵⁵	gɔ³³/gɔ⁵⁵	gɔu³³/gɔũ⁵³	ŋou³⁵	kɔu³²/ŋɔu²¹	kɔu⁴⁵³/ŋɔu¹¹	ŋo³³²/ŋo²¹	ŋu⁴¹	ŋu³¹	ŋu²¹	go²¹	ɤŋ⁵¹	nu³⁵⁴	ŋu⁵⁵	ŋ⁵⁵
126	井	tsĩ⁵⁵/tsiŋ⁵⁵		tsɛ̃⁵³/tsɛŋ⁵³	tsẽ⁵²	tsã³²/tsiŋ³²	tsa⁴⁵³/tsiŋ⁴⁵³		tsaŋ²²³	tsiaŋ³¹/tsɛŋ³¹	tsɔ̃²¹	tsɔ̃²¹	tsiaŋ⁵¹/tsɪ̃⁵¹	tsən³⁵⁴/tsiaŋ³⁵⁴	tsiaŋ⁵⁵	tsiaŋ⁵⁵/tsin⁵⁵
93	傘	suã³¹	suã³¹	suã¹¹/san¹¹	suã²¹²	ɬuã³²	ɬua⁴⁵³/ɬaŋ⁴⁵³	sueiŋ²¹	sueiŋ²²³	suõ³¹	sŋ²¹	suẽ²¹	sɛ̃⁵¹			
116	兩	liɔŋ⁵⁵/niũ⁵⁵		liũ⁵³/liaŋ⁵³	lo⁵²/niaŋ⁵²/niẽ⁵²	lŋ³²/nyøŋ³²/niũ³²/lyøŋ³²	luŋ⁴⁵³/nyɒŋ⁴⁵³/niau⁴⁵³/lyɒŋ¹¹	liɔŋ²¹/sɔŋ³³²	lioŋ²²³/saŋ⁴⁵/lioŋ⁴⁴	laŋ²¹/lioŋ³¹/lioŋ⁵⁴	liam²¹	liŋ²¹	liɔŋ⁵¹	lioŋ³⁵⁴	liɔŋ⁵⁵	lioŋ⁵⁵
75	八	pat⁵/pueʔ⁵	pueʔ⁵⁵/pat⁵⁵	bat³²/pat³²	poi¹	pɛʔ²/paʔ²	pe¹¹/pɛʔ²¹/paʔ²¹	pai²¹⁴	pa²²⁴	pa³¹/pa⁵	pɛ²¹³	pe²¹²	pa⁵¹	pæ³⁵⁴	pat²	pie⁵³
114	六	lak³/liɔk³		lak¹⁴/liɔk¹⁴	lak⁵	laʔ⁴/lyøʔ⁴	laʔ⁴/lœʔ⁴	ly⁴/so⁴	sɒu⁴¹	liu⁵⁴	ly³⁵³	ly⁵³	liu⁵/ʃu³²⁴	su⁵¹/liu²¹	liuk⁵	ly³⁵/su⁵³
65	冰			pɛŋ⁵⁵	piã³³	piŋ⁵⁴	piŋ⁵³³	paiŋ⁵³	paŋ⁵²	pɛŋ³³		pɔɪ̃³³/pɛiŋ³³	pɛ̃⁵⁵/pɪ̃⁵⁵	pon²¹/pən²¹	pəŋ³⁴	pɛn²¹
82	出	tsʰut⁵		sut³²/tsʰut³²	tsʰuk¹	tsʰuoʔ²	tsʰue¹¹/tsʰɔʔ²¹	tsʰy²¹⁴	tsʰy²²⁴	tsʰø³¹/tsʰø⁵	tʃʰyi²¹³	tʃʰye²¹²	tʃʰiu⁵¹/tʃʰy⁵¹			
26	刀	to³³	to³³	to⁵⁵	to³³	to⁵⁴/tɒ⁵⁴	to⁵³³/tɒ⁵³³	tau⁵³	to⁵²	tau³³	taɯ⁵⁵³	to³³	tau⁵⁵	to²¹	tau³⁴	tau²¹
51	十	sip³/tsap³	sip²⁴/tsap²⁴	sip¹⁴/tsap¹⁴	tsak⁵	ɬɛʔ⁴/ɬieʔ⁴/ɬiʔ⁴	ɬɛʔ⁴/ɬiʔ⁴		si⁴⁵/tsi⁴⁵	ʃɿ⁵⁴	sɿ³⁵³	sɿ⁵³	ʃi⁵	si²¹	sip⁵	ɕin³⁵
99	半	puã³¹/puan³¹/pun³¹	puã³¹/puan³¹	puã¹¹/puan¹¹	puã²¹²	puã⁵²/puoŋ⁵²	pua⁴²/puaŋ⁴²	pɔiŋ³³²	pueiŋ³³	puõ²⁴	pŋ³³	puɪ̃²⁴	puɛ̃³²⁴	puan⁵¹	pɔn²¹	pon²¹³
87	卵	lan¹¹/nŋ̩¹¹	lan³³	luĩ³³/luan⁵³	laŋ³⁵/nəŋ³⁵	lɛŋ³²/nuoŋ²¹/nỹ²¹	lø⁴⁵³/nuaŋ¹¹/nɛŋ¹¹	suŋ³³²	sueiŋ⁴⁵	luõ⁵/luõ³¹	lŋ²¹/ʃyɛ̃³⁵³	nuẽ²¹/suɪ̃⁵³	luɛ̃⁵¹/ʃuɛ̃⁵¹	suan³⁵⁴/nuan³⁵⁴	lɔn⁴⁵	
74	反	huan⁵⁵/puĩ⁵⁵	huan⁵⁵/puɪ̃⁵⁵	huan⁵³/pɛŋ⁵³	huaŋ⁵²/poĩ⁵²	huoŋ³²/pĩ³²	huaŋ⁴⁵³/pe⁴⁵³	xueiŋ²¹/βaiŋ²¹	huaŋ²²³/paŋ³¹	faŋ³¹/pʰaŋ³¹	hŋ²¹/pɛ̃²¹	pɔɪ̃²¹/xuẽ²¹	pʰɛ̃⁵¹			
105	叔	siɔk⁵/tseʔ⁵/tsik⁵		siɔk³²	sok¹/tsek¹	ɬyøʔ²/tsyøʔ²	ɬœʔ²¹/tsœʔ²¹	sy²¹⁴	sy²²⁴	siu⁵	ʃy²¹³	ʃø²¹²	ʃu⁵¹	siu³⁵⁴	suk²/su²¹²¹³	ɕy³⁵/ɕy⁵³
128	名	biŋ²⁴/miã²⁴		biã²¹³/bɛŋ²¹³	miã⁵⁵/meŋ⁵⁵	miã²⁴/miŋ²⁴	mia¹³/miŋ¹³	miaŋ³³⁴	miaŋ⁴⁴	miaŋ⁵/mɛŋ²¹	miɔ̃⁴¹/mã⁴¹	miɔ̃³¹	miaŋ²¹/mɪ̃²²	miaŋ⁵¹/mən³³	miaŋ²¹³/miŋ²¹³	min³³/miaŋ⁵³
132	圓	ĩ²⁴/uan²⁴	ɪ̃²⁴/uan²⁴		ĩ⁵⁵	iŋ²⁴/yøŋ²⁴	iŋ¹³/œŋ¹³	yeiŋ³³⁴	yŋ⁴⁴/hyŋ³¹	ieŋ²¹/vuõ²¹	yaiŋ⁴¹	yɪ̃³¹	yø̃²²/ŋuɛ̃²²	yøn³³/uan³³	vien²¹³	vən³³/vien³³
41	坐	tsɔ¹¹	tse³³/tsɔ³³	tsɛ³³/tso³³	tso³⁵	ɬø²¹/tsɒʔ²	ɬø¹¹/tsɒʔ²¹		tsua⁴⁵	tsʰue³¹/tsʰɤ⁵⁴	tsuɛ³⁵³	tsue⁵³/tso⁵³	tsʰuæ²¹/tsʰo²³¹	tʰo²¹³/tʰuai³⁵⁴	tʰɔ⁵⁵	tsʰtsʰ³⁵
22	墓	bɔ³¹	bɔ³¹		mo³⁵	mɔu⁵²	mɔu⁴²	mo⁴³	mu⁴⁵	mu⁵⁴	mu³³	mu²⁴		mu²¹³	mu⁴⁵	mio²¹³/mu²¹³
39	外	gua³¹/gue³¹	gua⁴¹	gua³³/guɛ³³	gua¹¹	kua²¹/kuoi²¹	kua¹¹/kue¹¹	ŋye⁴³	ŋœ⁴⁵	va⁵⁴	ŋo³³	gya²⁴	ŋuæ²³¹			
100	夢	baŋ³¹/bɔŋ³¹		baŋ³³/bɔŋ³³	maŋ¹¹	maŋ⁵²/mɒŋ⁵²	maŋ⁴²/mɒŋ⁴²	moŋ⁴³	moŋ⁴⁵	mɤŋ⁵⁴	mã³³	bɔuŋ²⁴	m.mɛ̃²¹/m.mɤŋ²³¹			
35	大	tai³¹/ta³³/tua³¹	tai³¹/tua⁴¹/ta³³	tai³³/tua³³	tai³⁵/tua¹¹	tai²¹/tua²¹	tai¹¹/tua¹¹	tue⁴³	tua⁴¹/tua⁴⁵		to³³	tua²⁴	tæ²³¹	hai²¹³	hai⁴⁵	
36	帶	tai³¹/tua³¹	tua⁴¹/tai³¹	tua¹¹/tai¹¹	tua²¹²	tua⁵²/tai⁵²	tua⁴²/tai⁴²	tue³³²	tua³³	tue²⁴/ta²⁴	ta³³	tai²⁴	tæ³²⁴	tai⁵¹	tai²¹	tai²¹³
125	平	pĩ²⁴/piã²⁴/piŋ²⁴/pʰĩ²⁴/pʰiã²⁴		pɛŋ²¹³/pʰɛŋ²¹³	pʰeŋ⁵⁵	pã²⁴/piã²⁴/piŋ²⁴	pa¹³/pia¹³/piŋ¹³	βɔiŋ³³⁴	piaŋ⁴⁴/peiŋ³¹	pʰiaŋ²¹/pʰɛŋ²¹	piɔ̃⁴¹/pã⁴¹	piɔ̃³¹/pɛiŋ³¹	pʰiaŋ²²/pʰɪ̃²²	pʰiaŋ³³/pʰən³³	pʰiaŋ²¹³/pʰiŋ²¹³	pʰin³³/pʰiaŋ³³
77	年	nĩ²⁴	lian²⁴	lĩ²¹³/lian²¹³	nĩ⁵⁵	niŋ²⁴/nɛŋ²⁴	niŋ¹³/nɛŋ¹³	nieiŋ³³⁴	niŋ⁴⁴	laŋ²¹	ŋaiŋ⁴¹	ŋɪ̃³¹	ŋiɛ̃²¹/ŋiɛ̃²²	nan⁵¹/nien³³	nien²¹³	nien³³
97	懶			lan⁵³	laŋ⁵²	laŋ³²	laŋ⁴⁵³	lyeiŋ³³²	lueiŋ²²³	laŋ³¹	lɛ̃²¹		lɛ̃⁵¹	lan³⁵⁴	lan⁵⁵	lan⁵⁵
34	我	gua⁵⁵/ŋɔ̃⁵⁵	gua/ŋɔ̃	gua⁵³/gɔũ⁵³	ua⁵²/ŋo⁵²	kua³²/ŋɒ³²	kua⁴⁵³/ŋɒ⁴⁵³	ŋɔ²¹/βue⁴¹	ŋua⁴¹	ŋɤ³¹/vue³¹	ŋu⁵⁵³/ŋɯ²¹	gua³³/gɔ²¹	ŋo⁵¹	no³⁵⁴	ŋɔ⁵⁵/ŋa⁵⁵	
17	手	tsʰiu⁵⁵	tsʰiu⁵⁵	siu⁵³/tsʰiu⁵³	tsʰiu⁵²	ɬiu³²/tsʰiu³²	ɬiu⁴⁵³/tsʰiu⁴⁵³	siu²¹	siu²²³	siu³¹/tsʰiu³¹	tʃʰiɑu²¹	tsʰio²¹	ʃiu⁵¹/tʃʰiu⁵¹			
83	掘	kut³		kut¹⁴	kuk⁵	kuoʔ⁴	kɔʔ⁴	ky⁴	ky⁴⁵	kʰy⁵	kui³⁵³	kui⁵³	kʰyø⁵/kʰy⁵	kʰy²¹	kʰuit²	
58	擔	tã³³/tam³³/tã³¹	tã³³/tam³³/tã³¹	tã⁵⁵/tam⁵⁵/tã¹¹	tã³³/nan	tɒ̃⁵⁴/taŋ⁵⁴/taŋ⁵²/tɒ̃⁵²	tɒ⁵³³/taŋ⁵³³/tɒ⁴²/taŋ⁴²	laŋ⁵³/taŋ⁵³/taŋ⁴¹	taŋ⁵²/taŋ⁴¹	taŋ³³	tɔ̃⁵⁵³	tɔ̃³³	taŋ⁵⁵		tam³⁴	tan²¹
30	斜	tsʰia²⁴/tsʰia³¹/tsʰiaʔ³	tsʰia⁴¹/tsʰia²⁴	sia²¹³/tsʰia²¹³	sia³³/sia⁵⁵	ɬia²⁴/tsʰya²⁴	ɬia¹³	lia⁴¹/tsʰia³³²	tsia³¹	tsʰia²⁴/tsʰia²¹	tsiɒ⁴¹	tsia³¹	tsʰia²²/tsʰia²¹	tʰia⁵¹/tʰia³³	tsʰia²¹³	tʰia³³
64	日	lit³		dzit¹⁴	zik⁵	liʔ⁴/tsiʔ⁴	tiʔ⁴/tsiʔ⁴	nɔi⁴	niŋ⁴¹/nei⁴¹	ŋi⁵⁴	ŋi³⁵³	ŋɪ̃⁵³	ŋi³²⁴	ni⁵¹/ni²¹	ŋit⁵	ni³⁵
48	早	tsa⁵⁵/tsɔ⁵⁵	tsa⁵⁵/tsɔ⁵⁵	tsa⁵³/tso⁵³	tsa⁵²	tsɒ³²	tsɒ⁴⁵³	lau²¹	tso³¹	tsau³¹/tsʰau³¹	tsaɯ²¹	tsɔ²¹				
56	暗	am³¹	am³¹	am¹¹	aŋ²¹²	aŋ⁵²	aŋ⁴²	ɔŋ³³²	aŋ³³	oŋ²⁴	m³³	ɔ̃²⁴/aŋ²⁴	ɔŋ³²⁴	oŋ⁵¹		on²¹³
8	書	sɯ³³/su³³/tsɯ³³	si³³/su³³	si⁵⁵	tsə³³	ɬy⁵⁴/tsy⁵⁴	ɬy⁵³³/tsy⁵³³	sy⁵³	sy⁵²	sy³³	ʃy⁵⁵³	ʃy³³	ʃy⁵⁵	sy²¹	tsʰə³⁴/si³⁴	ɕy²¹
91	月	gəʔ³/guat³	geʔ³⁴/guat²⁴	guɛʔ¹⁴/guat¹⁴	gueʔ⁵	kuoi²⁴/kyøʔ⁴	kue¹¹/kœʔ¹³/kœʔ⁴	ŋye⁴	ŋœ⁴¹	yø⁵⁴/me⁵⁴	ŋyɛ³⁵³	ye⁵³	ŋue⁵	nø²¹	uət⁵	vie³⁵
69	板	pan⁵⁵	pan⁵⁵		poĩ⁵²/paŋ⁵²	paŋ³²	paŋ⁴⁵³	pɔiŋ⁵³/paiŋ²¹	paŋ²²³	paŋ⁵/paŋ³¹	pɛ̃²¹	pɔɪ̃²¹	pɛ̃²¹	pan³⁵⁴	pan⁵⁵	pan⁵⁵
1	枝	ki³³	ki³³	ki⁵⁵	ki³³	ki⁵⁴	ki⁵³³		ki⁵²/tsie⁵²	ki³³/tʃɿ³³		tsɿ³³	tʃi⁵⁵			
54	染													nien³⁵⁴	ŋiam⁵⁵	nien⁵⁵
71	根	kən³³		kin⁵⁵	kəŋ³³	kyŋ⁵⁴	kɛŋ⁵³³/kyŋ⁵³³	kyeiŋ⁵³	kyŋ⁵²	kaiŋ³³	kɛ̃⁵⁵³/kyaiŋ⁵⁵³	kyɪ̃³³/kɔɪ̃³³	kɛ̃⁵⁵	køn²¹	kən³⁴	kɛn²¹
42	條	tiau²⁴	tiau²⁴	tiau²¹³	tiou⁵⁵		tiau¹³	tiɔ³³⁴	tio⁴⁴	tʰiau²¹	tɒ⁴¹	tau³¹	tʰiau²²	xau³³/hiau³³	hiau²¹³	tʰiau³³
18	樹	su³¹/tsʰiu³¹	siu³¹/tsʰu³¹	siu³³/tsʰiu³³	su³⁵/tsʰiu¹¹	ɬy²¹/tsʰiu⁵²	ɬy¹¹/tsʰiu⁴²	sy⁴³/tsʰiu⁴³	tsʰiu⁴⁵	sy⁵⁴/tsʰy²⁴	tʃʰy³³	ʃy²⁴/tsʰiu²⁴	ʃy³²⁴/tʃʰy³²⁴			
131	橫	hĩ²⁴/huĩ²⁴/huĩ³¹		hɛŋ²¹³	huẽ⁵⁵/huẽ¹¹	huã²⁴/hɛŋ²⁴/hɛŋ⁵²	hua¹³/hɛŋ¹³	xuaŋ³³⁴	huaŋ⁴⁴	faŋ⁵/faiŋ²¹	hŋ⁴¹	xuɪ̃³¹	fuɪ̃²²	xun³³/xuaŋ⁵¹	uaŋ²¹³	fɛn³³/faŋ³³
94	殺	sat⁵	suaʔ⁵⁵/sat⁵⁵	sat³²	suaʔ¹	ɬaʔ²	ɬaʔ²¹	sue²¹⁴	sua²²⁴	so³¹	ʃyo²¹³	sua²¹²	sa²¹/ʃo⁵¹	sua³⁵⁴/sæ³⁵⁴	sat²	soi⁵³
27	毛	mɔ̃²⁴/mŋ²⁴	mŋ²⁴/mɔ̃²⁴	bŋ²¹³	mo⁵⁵/mau⁵⁵	mŋ²⁴/mɒ²⁴	mo¹³/mu¹³/mɒ¹³	mau³³⁴	muei⁴⁴/mo⁴⁴	mau⁵/mau²¹		bɔ²¹²/bo³¹	mau²¹/mau²²	⁵¹/mo²¹³³³	mau²¹³	mau³³/mau⁵³
7	水	sui⁵⁵/tsui⁵⁵	sui⁵⁵/tsui⁵⁵	sui⁵³/tsui⁵³	sui⁵²/tsui⁵²	ɬui³²/tsui³²	ɬui⁴⁵³/tsui⁴⁵³		sy²²³	lue⁵/sue³¹	ʃyi²¹	ʃye²¹	ʃy⁵¹	sui³⁵⁴	fi⁵⁵	sei⁵⁵
33	沙	sa³³/sua³³	sua³³/sa³³	sua⁵⁵/sa⁵⁵	sua³³/sa³³	ɬua⁵⁴/ɬa⁵⁴	ɬua⁵³³/ɬa⁵³³	sue⁵³/sa⁵³	sua⁵²	sue³³/so³³		sua³³/sa³³	sæ⁵⁵/ʃa⁵⁵	sa²¹/sai²¹	sa³⁴	sai²¹/sa²¹
96	泉	tsuã²⁴/tsuan²⁴	tsuã²⁴/tsuan²⁴	tsuã²¹³/tsuan²¹³	tsuã⁵⁵	ɬuĩ²⁴/ɬyã²⁴/ɬyøŋ²⁴	ɬyɒ¹³/ɬœŋ¹³	tsyeiŋ³³⁴	tsyŋ⁴⁴/tsyŋ³¹	tsʰieŋ²¹	tsaiŋ⁴¹	tsɪ̃³¹	tsʰyø̃²²	tʰøn³³	tsʰien²¹³	
15	浮	pʰu²⁴	pʰu²⁴	hu²¹³/pʰu²¹³	pʰu⁵⁵	hieu²⁴/pʰu²⁴	hɔu¹³/pʰiau¹³/pʰu¹³	ɦiu⁴¹/pəu³³⁴	iu³¹	fay²¹/pʰau²¹	pʰɒ⁴¹	pʰo³¹/xu³¹	feu²²	xu³³/pʰy³³	fəu²¹³	pʰiau³³/fɛu³³
85	滑	kut³	kut²⁴	huat¹⁴/kut¹⁴	kuk⁵	kuoʔ⁴	kɔʔ⁴	kui⁴	kuei⁴¹	fo⁵⁴/u⁵⁴	ho³⁵³/kui³⁵³	xua⁵³/kui⁵³	fa⁵/u⁵	xua²¹/ui²¹	uat⁵	
98	滿	buan⁵⁵/muã⁵⁵	buan⁵⁵/muã⁵⁵	buã⁵³/buan⁵³	muã⁵²	muã³²	mua⁴⁵³/muaŋ⁴⁵³	mɔiŋ²¹	mueiŋ²²³	muõ³¹	mŋ²¹	muẽ²¹	muɛ̃⁵¹	muan³⁵⁴	mɔn⁵⁵	mon⁵⁵
20	烏	ɔ³³	ɔ³³	ɔu⁵⁵	ou³³	ɔu⁵⁴	ɔu⁵³³	o⁵³	u⁵²	u³³	u⁵⁵³	u³³	u⁵⁵	u²¹	u³⁴	u²¹
61	煙	ian³³	ian³³	ian⁵⁵	iŋ³³	ɛŋ⁵⁴	ɛŋ⁵³³	ieiŋ⁵³	iŋ⁵²	ɛŋ³³	iã⁵⁵³/iaiŋ⁵⁵³	ɪ̃³³	iɛ̃⁵⁵		ien³⁴	ien²¹
50	熊	him²⁴		him²¹³/hiɔŋ²¹³	hiŋ⁵⁵	hyøŋ²⁴	hœŋ¹³	xeiŋ³³⁴	hœyŋ³¹	xiɤŋ²¹	ham⁴¹/ʃiam⁴¹	xœyŋ³¹		xyuŋ³³	hiuŋ²¹³	xiuŋ³³
16	牛	giu²⁴/gu²⁴	gu²⁴/giu²⁴	gu²¹³	gu⁵⁵	ku²⁴/kiu²⁴	ku¹³/kiu¹³	niu³³⁴	niu⁴⁴	iu²¹/ŋy²¹	ŋiɑu⁴¹	iu³¹	ŋiu²²/ŋy²²	ny³³/niu³³	ŋəu²¹³	ny³³/nəu³³
32	畫	ue³¹	ue³¹	uɛ³³	ue¹¹	ua²¹	ua¹¹	kua³³²	hua⁴¹	fo⁵⁴	ho³³	gua⁵³/xua²⁴	fa²³¹	xua²¹³	fa⁴⁵	fa³⁵
127	白	peʔ⁵/pik³		pɛʔ¹⁴/pɛk¹⁴	peʔ⁵	pa⁴/paʔ⁴/pɛʔ⁴	pa¹³/pɛʔ⁴	pa⁴	pɒ⁴⁵/pie⁴¹	pʰo⁵⁴	pɒ³⁵³	pa⁵³	pʰa⁵	pʰoi/pʰa	pʰak⁵/pʰək⁵	pʰɔ³⁵/pʰa³⁵
101	目	bak³/bɔk³		bak¹⁴/bɔk¹⁴	mak⁵	mɒʔ⁴/paʔ⁴	maʔ⁴/pɒʔ²¹		mi⁴¹/mu⁴¹	mu⁵⁴	mu³⁵³	mu⁵³	mu³²⁴	mu²¹/mu⁵¹	muk⁵	mu³⁵/mu⁵³
67	直	tit³		tit¹⁴	tak⁵/tik⁵/tek⁵	tɛʔ⁴/tiʔ⁴	tiʔ⁴/tsiʔ⁴	lɔi⁴/te⁴	tei⁴¹/tei⁴⁵/tei²²⁴	tʃʰɿ⁵⁴	ta³⁵³/ti³⁵³	tai⁵³/ti⁵³	tʰa⁵/tʰi⁵	hoi²¹/hi²¹	tsʰik²	tʰi³⁵/tʰə³⁵
4	眉	bi²⁴	bi²⁴	bai²¹³/bi²¹³	bai⁵⁵	pai²⁴/pi²⁴	pai¹³/pi¹³		mie⁴⁴	me²¹/mi²¹	mi⁴¹	mi³¹	me²²/mi²²	m.muai³³/m.mei³³	mi²¹³	mi³³
40	短	tə⁵⁵/tuan⁵⁵	te⁵⁵/tuan⁵⁵	tuan⁵³	to⁵²	tø³²/tuoŋ³²	tø⁴⁵³/tuaŋ⁴⁵³	tui²¹/tueiŋ²¹		tue³¹/tuõ³¹	tuɛ²¹	tuɛ²¹	tuæ⁵¹	tuan³⁵⁴	tɔn⁵⁵	ton⁵⁵
122	石	sia³¹/siaʔ³/sit³/tsioʔ³		sɛk¹⁴/tsioʔ¹⁴	tsieʔ⁵	ɬieu²⁴/ɬiʔ⁴	ɬiau¹³/ɬiʔ⁴	si⁴/tsiɔ⁴	tsio⁴⁵	sɤ⁵⁴	ʃiɯ³⁵³/tʃiɯ³⁵³	sio⁵³/tso⁵³	ʃo⁵/ʃi⁵	sio²¹/si²¹	sak⁵	ɕio⁵³/ɕi⁵³
104	竹	tiɔk⁵/tik⁵		tiɔk³²	tek¹	tyøʔ²	tœʔ²¹	ty²¹⁴	tœy²²⁴	tiu⁵	ty²¹³	tø²¹²	tiu²¹/tʃu²¹	tiu³⁵⁴	tsuk²	ty⁵³
49	笑	siau³¹/tsʰio³¹	tsʰio⁴¹	siau¹¹/tsʰiau¹¹	tsʰie²¹²	ɬieu⁵²/tsʰieu⁵²	ɬiau⁴²/tsʰiau⁴²	siɔ³³²	sio³³	siau²⁴/tsʰau²⁴	siɯ³³/tsʰiɯ³³	tsʰo²⁴	siau³²⁴/tʃʰau³²⁴	siau⁵¹/tsʰu⁵¹	siau²¹	siau²¹³
55	簪	tsam³³	tsam³³	tsam⁵⁵	tsaŋ³³	tsaŋ⁵⁴		laŋ²¹	tsaŋ⁴¹		tsam⁵⁵³	tsaŋ³³	tsɔŋ⁵⁵			
117	索	soʔ⁵		soʔ³²/sɛk³²	soʔ¹/sok¹	ɬo²¹/ɬɛʔ²	ɬɛʔ¹¹/ɬo²¹/ɬɒʔ²¹	sɔ²¹⁴	so²²⁴	sɤ³¹/sɤ⁵	saɯ²¹³	sɔ²¹²	so⁵¹	so³⁵⁴	sɔk²	
120	羊	iɔŋ²⁴/iũ²⁴		iũ²¹³/iaŋ²¹³	iẽ⁵⁵	iũ²⁴/yøŋ²⁴	iau¹³/yɒŋ¹³	iɔŋ³³⁴	ioŋ⁴⁴	ioŋ²¹	iam⁴¹	iŋ³¹	iɔŋ²²	ioŋ³³	iɔŋ²¹³	ioŋ³³
60	翼	ik³/sit³		it¹⁴/ɛk¹⁴	ek⁵	iʔ⁴/ɬiʔ⁴	iʔ⁴/ɬiʔ⁴	ɦi⁴	sia⁴⁵	i⁵⁴	i³³/siɒ³⁵³	i²⁴/sia⁵³	i⁵		ik⁵	
106	肉	hik³/liɔk³		dziɔk¹⁴	nek⁵	nyʔ⁴/tsyøʔ⁴	nœʔ⁴/tsœʔ⁴	ny⁴	nœy⁴¹		ŋy³⁵³	gy⁵³	ŋiu³²⁴			
92	肝	kan³³/kuã³³	kuã³³/kan³³	kuã⁵⁵/kan⁵⁵	kuã³³	kuã⁵⁴/kaŋ⁵⁴	kua⁵³³	xueiŋ⁵³	hueiŋ⁵²	kuõ³³/kaŋ³³	hŋ⁵⁵³	kɔɪ̃³³/xuɪ̃³³	kuɛ̃⁵⁵	tu³⁵⁴/kuan²¹	kɔn²¹	kon²¹
6	肥	pui²⁴	pui²⁴	hui²¹³/pui²¹³	pui⁵⁵	hi²⁴/pui²⁴	hi¹³/pui¹³		huei³¹/py⁴⁴	pʰi²¹	pui⁴¹	pui³¹	pʰi²²	pʰui³³	fi²¹³	fei³³/pʰi³³
73	肩	kian³³	kian³³	kɛŋ⁵⁵/kian⁵⁵	koĩ³³	kĩ⁵⁴/kɛŋ⁵⁴	ke⁵³³/kɛŋ⁵³³	kaiŋ⁵³	kaŋ⁵²	kaŋ³³/kieŋ³³	kɛ̃⁵⁵³	kɔɪ̃³³	kɛ̃⁵⁵	kan²¹/kien²¹	kien³⁴	kien²¹
89	脫	tʰeʔ⁵/tʰuat⁵	tʰeʔ⁵⁵/tʰuaʔ⁵⁵/tʰuat⁵⁵	tʰut³²/tʰuat³²	tʰuk⁵/tʰuk¹		tʰuaʔ²¹	hui²¹⁴/hue²¹⁴	tʰuei²²⁴	tʰo³¹/tʰo⁵	lui²¹³/tʰuɛ²¹³	tʰuɛ²¹²	tʰo⁵¹			
115	腸	tiɔŋ²⁴/tŋ̩²⁴		siaŋ²¹³/tŋ²¹³	təŋ⁵⁵	tŋ²⁴/tyøŋ²⁴	tuŋ¹³/tyɒŋ¹³	tɔŋ³³⁴	taŋ⁴⁴	tʰoŋ²¹/tsʰoŋ²¹	tam⁴¹	taŋ³¹/tiŋ³¹		hioŋ³³/hoŋ³³	tʰɔŋ²¹³	tʰoŋ³³
112	腹	hɔk⁵/pak⁵		hɔk³²/pak³²	pak¹	hɒʔ²/paʔ²	hɒʔ⁴/paʔ²¹	po²¹⁴/xo²¹⁴	pu²²⁴	fu⁵⁴/pu⁵	hu²¹³/pu²¹³	po²¹²/xo²¹²	fu⁵/pu²¹	xu³⁵⁴/pu³⁵⁴	fuk⁵	
110	膿	lɔŋ²⁴		laŋ²¹³/lɔŋ²¹³		naŋ²⁴	naŋ¹³/nœŋ¹³	noŋ⁴¹	noŋ⁴⁵	lɤŋ²¹		lɔuŋ²⁴	lɤŋ³²⁴	nuŋ⁵¹	nuŋ²¹³	nuŋ⁵³
5	臍	tsai²⁴	tsai²⁴	tsai²¹³/tsiei²¹³	tsai⁵⁵	tsai²⁴	tsai¹³	tʰe³³⁴	tsʰie⁴⁴	tsi²⁴	tsa⁴¹	tsʰai³¹	tsʰi²¹/tsʰi²²	tsei.oi²¹/tsei.oi³³	tsʰi²¹³	
79	舌	tsiʔ³	tsiʔ²⁴	siat¹⁴/tsiʔ¹⁴	tsiʔ⁵	ɬɛʔ²	ɬi¹³/ɬɛʔ⁴	lye⁴/sie⁴	lœ⁴¹	sø⁵⁴	ʃyo³⁵³	sua⁵³	ʃe⁵	sie²¹	siet⁵	ɕie³⁵
81	船	suan²⁴/tsun²⁴	suan²⁴/tsun²⁴	suan²¹³/tsuan²¹³/tsʰuan²¹³	tsuŋ⁵⁵	yøŋ²⁴/ɬuoŋ²⁴	ɬɔŋ¹³	ɦyeiŋ⁴¹	hyŋ³¹	sieŋ²¹	ʃyaiŋ⁴¹	ʃyɪ̃³¹	ʃuɛ̃²²	søn³³	sien²¹³	ɕien³³
14	苧	tue¹¹/tʰɯ⁵⁵/tʰu⁵⁵	tue³³/tʰi⁵⁵	tɛ³³/tʰi⁵³		tø⁵²/ty³²	tø¹¹	lo³³²	tɒu⁴¹	tʰy³¹	tɑu³⁵³	tu⁵³	tʰy⁵¹	hy³⁵⁴	tʰə⁵⁵	tʰɯ⁵⁵
45	草	tsʰau⁵⁵/tsʰɔ⁵⁵/tsʰo⁵⁵	tsʰau⁵⁵/tsʰo⁵⁵/tsʰɔ⁵⁵	so⁵³/tsʰo⁵³	tsʰo⁵²/tsʰau⁵²	tsʰau³²/tsʰɒ³²	tsʰau⁴⁵³/tsʰɒ⁴⁵³	tʰau²¹	tsʰo²²³	tsʰau⁵/tsʰau³¹	tsʰaɯ²¹	tsʰɔ²¹				
119	落	lak⁵/lau³¹/lauʔ³/lauʔ⁵/lɔk³/loʔ³		lau⁵³/loʔ¹¹/lak¹⁴/lak³²	lauʔ⁵/loʔ⁵	lau⁵²/lo²⁴/lɒʔ⁴	lau⁴²/lo¹³/lɒʔ⁴	lɔ⁴	lo⁴¹	lɤ⁵⁴	laɯ³⁵³	lo⁵³		lo²¹/lo⁵¹	lɔk⁵	lo³⁵
31	蔗	tsia³¹	tsia³¹	tsia¹¹	tsia²¹²	tsia⁵²	tsia⁴²	tsia³³²	tsia³³	tsa²⁴	tʃiɒ³³	tsia²⁴	tʃa³²⁴			
108	蔥	tsʰaŋ³³/tsʰɔŋ³³		saŋ⁵⁵/tsʰaŋ⁵⁵	tsʰaŋ³³	tsʰaŋ⁵⁴/tsʰɒŋ⁵⁴	tsʰaŋ⁵³³	tʰoŋ⁵³	tsʰoŋ⁵²	tsʰɤŋ³³	tsʰã⁵⁵³	tsʰɔuŋ³³		tʰuŋ²¹	tʰuŋ³⁴	tʰuŋ²¹/tsʰuŋ²¹
37	蛇	sia²⁴/tsua²⁴	sia²⁴/tsua²⁴	tsua²¹³	tsua⁵⁵	i²⁴/ɬya²⁴	ɬyɒ¹³	ye³³⁴/sia³³⁴	œ⁴⁴	se²¹/sa²¹	ʃyo⁴¹	sua³¹	ʃe²²			
107	蜂	hɔŋ³³/pʰaŋ³³			pʰaŋ³³	hɒŋ⁵⁴/pʰaŋ⁵⁴	hɒŋ⁵³³/pʰaŋ⁵³³	pʰoŋ⁵³	pʰoŋ⁵²	fɤŋ³³/pʰɤŋ³³	pʰã⁵⁵³	pʰɔuŋ³³	fɤŋ⁵⁵/pʰɤŋ⁵⁵			
66	蠅	iŋ²⁴/sin²⁴		sin²¹³	siŋ⁵⁵	ɬiŋ²⁴	ɬiŋ¹³	siɔŋ³³⁴/sieiŋ³³⁴	sioŋ⁴⁴	sɛŋ⁵/sɛŋ²¹	sã⁴¹	iɛiŋ³³/sɛiŋ³¹	ʃỹ²²/ʃuɪ̃²²	syn³³	iŋ²¹³	sin³³
80	血	hiat⁵/huiʔ⁵	huiʔ⁵⁵/hiat⁵⁵	huɛʔ³²/hiat³²	hueʔ¹	he²¹/hyøʔ²	he¹¹/hœʔ²¹	xue²¹⁴/xie²¹⁴	hua²²⁴	fa³¹/xø⁵	kʰui³⁵³/ʃyɛ²¹³	ʃyɛ²¹²	fa⁵¹/ʃe⁵¹	xyø³⁵⁴	hiet²	fie⁵³
113	角	kak⁵		kioʔ³²/kak³²	kak¹	kaʔ²	kiau¹¹/kaʔ²¹	ko²¹⁴/kɔ²¹⁴	ko²²⁴/ku²²⁴	kɤ⁵	ku²¹³/kɯ²¹³	ko²¹²	ko⁵¹/ko²¹	ko³⁵⁴		ko⁵³
47	貓	bio²⁴/iaũ³³/ba²⁴/niaũ³³	iãu³³/niãu³³/ba²⁴	liaũ⁵⁵/ba²¹³	ba⁵⁵/ŋiou³³	nieu⁵⁴/pɒ²⁴	piau¹³/mɒ⁵³³/mau⁵³³	mau³³⁴	ma⁴⁴	miau⁵/miau³³/mau³³	mɒ⁴¹	bio³¹/bau³¹	mau²¹/mau²²		miau²¹³	
70	賊	tsək³/tsik³/tsʰat³		sɛk¹⁴/tsat¹⁴/tsʰat¹⁴	tsʰak⁵	tsɛʔ⁴/tsʰɛʔ⁴	tsɛʔ⁴/tsʰɛʔ⁴	tʰe⁴	tsʰœ⁴⁵	tsʰe²⁴	tsʰa³⁵³	tsʰai⁵³	tsʰa³²⁴			
86	酸	sŋ̩³³/suan³³	sŋ³³/suan³³	suĩ⁵⁵/suan⁵⁵	səŋ³³	ɬỹ⁵⁴/ɬuoŋ⁵⁴	ɬø⁵³³/ɬuaŋ⁵³³	suŋ⁵³	sueiŋ⁵²	suõ³³	sŋ⁵⁵³	suɪ̃³³	suɛ̃⁵⁵	suan²¹	sɔn³⁴	son²¹
111	重	tiɔŋ¹¹/tiɔŋ²⁴/tiŋ²⁴		taŋ³³/tiɔŋ³³/tiɔŋ²¹³	teŋ³⁵/toŋ³⁵/teŋ⁵⁵	taŋ²¹/tyøŋ²¹/tyøŋ²⁴	taŋ¹¹/tœŋ¹¹/tœŋ¹³	leiŋ³³²/leiŋ³³⁴	toŋ⁴⁵/tœyŋ³¹	tʰiɤŋ³¹/tsʰɤŋ⁵⁴/tʰiɤŋ²¹/tsʰɤŋ²¹	tã³⁵³/tam⁴¹	tɔuŋ⁵³/tœyŋ³¹	tʰɤŋ⁵¹/tʰiuŋ²³¹/tʰiuŋ²²	hyuŋ²¹³	tʰuŋ⁴⁵	tʰiuŋ³⁵/tʰuŋ⁵⁵
52	針	tsam³³	tsam³³	tsam⁵⁵/tsiam⁵⁵/tsim⁵⁵	tsaŋ³³	tsieŋ⁵⁴	tsiaŋ⁵³³	tsiŋ⁵³	tseiŋ⁵²	tsɛŋ³³	tʃiã⁵⁵³	tsɛiŋ³³	tʃɪ̃⁵⁵	tsin²¹	tsim³⁴	tɕin²¹
43	鉤	kau³³/kio³³	kau³³/kio³³	kau⁵⁵	kau³³	kau⁵⁴	kau⁵³³/kiau⁵³³	kəu⁵³	ka⁵²	kay³³	kø⁵⁵³		keu⁵⁵			
9	鋤	tɯ²⁴/tʰɯ²⁴	ti²⁴/tʰi²⁴	ti²¹³	tə⁵⁵/tʰo⁵⁵/tsʰo⁵⁵	tʰy²⁴	tʰy¹³/tsø¹³	hy³³⁴/ly⁴¹		tsʰu²¹	tʰy⁴¹	ty³¹/tʰy³¹	tʃʰu²²	tsʰu³³/hy⁵¹	tʰə²¹³	tsʰu³³
53	鐮	liam²⁴/nuĩ²⁴	liam²⁴	liam²¹³	niaŋ⁵⁵	lieŋ²⁴	le¹³/liaŋ¹³	lieiŋ³³⁴	liŋ⁴⁴	lieŋ²¹	laiŋ⁴¹	nɪ̃³¹		lien³³	liam²¹³	lien³³
78	鐵	tʰiat⁵/tʰiʔ⁵	tʰiʔ⁵⁵/tʰiat⁵⁵	tʰiʔ³²/tʰiat³²	tʰiʔ¹	tʰi²¹/tʰɛʔ²	tʰi¹¹/tʰɛʔ²¹	hie²¹⁴	tʰie²²⁴	tʰa³¹/tʰe⁵	tʰɛ²¹³	tʰiɛ²¹²	tʰa⁵¹/tʰie⁵¹	hie²¹	hiet²	tʰie⁵³
12	雞	ke³³/kue³³	kue³³/ke³³	kiei⁵⁵	koi³³	ke⁵⁴	ke⁵³³	kai⁵³	ka⁵²	ke³³/ki³³	kiɛ⁵⁵³	kie³³	ke⁵⁵/ki⁵⁵	koi²¹/ki²¹	kie³⁴	kɛi²¹
24	雨	u⁵⁵/hɔ¹¹	u⁵⁵/hɔ³³	i⁵³/hɔu³³	u⁵²/hou³⁵	y³²/hɔu²¹	y⁴⁵³/hɔu¹¹	ɦy²¹/xy³³²	hœy⁴⁵	y³¹/xy³¹	y²¹/hu³⁵³	ø²¹/xu⁵³	y⁵¹/fy⁵¹	xy³⁵⁴/y³⁵⁴	i⁵⁵	xy⁵⁵
46	雷	lui²⁴	lui²⁴	lui²¹³	lui⁵⁵	lui²⁴	lui¹³	lui³³⁴/sui³³⁴	luei³¹/suei⁴⁴	lue²¹	luɛ⁴¹	lui³¹	leu²²/ly²²	luai³³/lui³³	lei²¹³	lei³³
124	青	tsʰĩ³³/tsʰiŋ³³		sɛŋ⁵⁵/tsʰɛŋ⁵⁵	tsʰẽ³³	tsʰã⁵⁴/tsʰiŋ⁵⁴	tsʰa⁵³³/tsʰiŋ⁵³³	tʰaŋ⁵³	tsʰaŋ⁵²	tsʰiaŋ³³/tsʰɛŋ³³	tsʰɔ̃⁵⁵³/tsʰã⁵⁵³	tsʰɔ̃³³/tsʰɛiŋ³³	tsʰiaŋ⁵⁵/tsʰɪ̃⁵⁵	tʰən²¹/tʰiaŋ²¹	tsʰiaŋ³⁴/tsʰiŋ³⁴	tʰaŋ²¹/tsʰin²¹
62	面	bian³¹/bin³¹	bin³¹/bian³¹	bin³³/bian³³	miŋ¹¹	miŋ⁵²/mɛŋ⁵²	miŋ⁴²/mɛŋ⁴²	mieiŋ³³²	miŋ⁴⁵	mieŋ²⁴	maiŋ³³	mɪ̃²⁴	miɛ̃³²⁴	mien²¹³/mien⁵¹	mien²	mien²¹³/min²¹³
44	頭	tʰau²⁴/tʰio²⁴	tʰau²⁴/tʰio²⁴	tʰau²¹³/tʰiu²¹³	tʰau⁵⁵	tʰau²⁴/tʰieu²⁴	tʰau¹³/tʰiau¹³	həu³³⁴	tʰa⁴⁴	tʰay⁵/tʰay²¹	tʰø⁴¹	tʰau³¹	tʰeu²¹/tʰeu²²	hei³³/hei⁵¹	həu²¹³	tʰəu⁵³
13	飛	hui³³/pə³³	hui³³/pe³³	hui⁵⁵/puɛ⁵⁵	hui³³/pue³³	hi⁵⁴/puoi⁵⁴	hi⁵³³/pue⁵³³		hœ⁴¹/huei⁵²	fi³³/pø³³	puɛ⁵⁵³/ʃyi⁵⁵³	pyi³³/ʃue³³	fi⁵⁵/pe⁵⁵	xui²¹/pʰø³⁵⁴	fi³⁴	pʰei²¹/fei²¹
88	飯	pŋ̩³¹	pŋ³¹	huan³³/puĩ³³	huaŋ³⁵/puŋ¹¹	huoŋ²¹/puĩ²¹	pue¹¹	puŋ⁴³/xueiŋ⁴³	poŋ⁴⁵/puaŋ⁴⁵	faŋ⁵⁴/pieŋ⁵⁴	pŋ³³	puɪ̃²⁴/xuɪ̃²⁴	fɛ̃²³¹/pʰɛ̃²³¹			
29	馬	be⁵⁵/mã⁵⁵	be⁵⁵/mã⁵⁵	bɛ⁵³/bã⁵³	be⁵²/ma⁵²	ma³²/pɒ³²	ma⁴⁵³/pɒ⁴⁵³	ma²¹	mɒ²²³	mo³¹	mɒ²¹	ba²¹	ma⁵¹			
38	騎	ki²⁴/kʰia²⁴	ki²⁴/kʰia²⁴	kʰia²¹³/kʰi²¹³	kʰia²¹²/kʰia⁵⁵	kʰi²¹/kʰi²⁴	kʰyɒ¹³/kʰi¹³		ki³¹	kʰe²¹/kʰia²¹/kʰi²¹	ki⁴¹	ki³¹	kʰe²¹/kʰia²²/kʰi²²	kʰi³³/kʰæ³³	kʰi²¹³	kʰi³³
84	骨	kut⁵		kut³²	kuk¹	kuoʔ²	kɔʔ²¹	kui²¹⁴	kuei²²⁴	ku⁵	kui²¹³	kue²¹²	ku⁵¹	kui³⁵⁴	kut²	kuei⁵³
59	鴨	aʔ⁵	aʔ⁵⁵	aʔ³²	aʔ¹	ɒ²¹/a²¹	ɒ¹¹	a²¹⁴	o²²⁴	o⁵	ɒ²¹³	a²¹²	a⁵¹	a³⁵⁴	ap²	an⁵³
129	鼎	tiã⁵⁵/tiŋ⁵⁵		tiã⁵³/tɛŋ⁵³	tiã⁵²	tiã³²	tia⁴⁵³/tɛŋ⁴⁵³	tiaŋ²¹/tɔiŋ²¹	tiaŋ²²³/teiŋ²²³	tiaŋ³¹/tɛŋ³¹	tiɔ̃²¹/tã²¹	tiɔ̃²¹/tɛiŋ²¹	tiaŋ⁵¹/tɪ̃⁵¹	tiaŋ³⁵⁴/tən³⁵⁴	tiŋ⁵⁵	
2	鼻	pʰi³¹	pʰi³¹	pit¹⁴/pĩ³³	pʰĩ¹¹	pi²¹/pʰi⁵²	pi¹¹/pʰi⁴²		pei²²⁴/pʰei⁴⁵	pʰi²⁴	pʰi³³	pʰi²⁴	pʰi³²⁴	pʰei⁵¹	pʰi⁴⁵	pʰi²¹³
102	龍	liɔŋ²⁴/liŋ²⁴		liɔŋ²¹³	leŋ⁵⁵	lyøŋ²⁴	lœŋ¹³	leiŋ³³⁴	lœyŋ⁴⁴	liɤŋ²¹	lam⁴¹	lœyŋ³¹	liuŋ²²			
